fecha,tarea,proyecto,bloque,horainicio,horafin,comentario,notas
08/01/2026,Comprobación constructiva cámara máquinas popa B151,BAC2,B151,10:29,15:30,Comprobación constructiva cámara máquinas popa B151,
09/01/2026,Comprobación constructiva cámara máquinas popa B151,BAC2,B151,7:00,13:57,Comprobación constructiva cámara máquinas popa B151,
12/01/2026,Comprobación constructiva cámara máquinas popa B151 y B550,BAC2,B151/B550,6:59,13:02,Comprobación constructiva cámara máquinas popa B151 y B550,
12/01/2026,Comprobación funcional de zona constructiva 5 (popa)  correspondiente a las zonas de fuego 3 y 4,BAC2,B540,13:02,15:35,Comprobación funcional de zona constructiva 5 (popa)  correspondiente a las zonas de fuego 3 y 4,
13/01/2026,Comprobación funcional de zona constructiva 5 (popa)  correspondiente a la zona 3 de fuego,BAC2,B540,6:59,12:34,Comprobando esquema funcional AAOR-BAC nivel 01  segunda cubierta  nivel 06  nivel 05  nivel 04  nivel 03  nivel 02,
13/01/2026,Comprobación funcional de zona constructiva 5 (popa) correspondiente a la zona 4 de fuego,BAC2,B520  B521  B530  B531,12:34,13:36,Comprobando esquema funcional AAOR-BAC  segunda cubierta,
13/01/2026,Varios Excel,PROG,GENERAL,13:36,15:27,Varios Excel,
14/01/2026,Comprobación funcional de zona constructiva 5 (popa) correspondiente a la zona 4 de fuego,BAC2,B520  B521  B530  B531,7:01,8:20,Comida,
14/01/2026,Listado de símbolos en excel,PROG,GENERAL,8:20,9:21,Varios,
14/01/2026,Comprobación funcional de zona constructiva 5 (popa) correspondiente a la zona 4 de fuego,BAC2,B520  B521  B530  B531,9:21,10:00,Comida,
14/01/2026,Comprobación constructiva de zona constructiva 5 (popa) correspondiente a la zona 4 de fuego,BAC2,B520,10:00,15:00,Varios manual Foran,
14/01/2026,Reconocimiento médico,INT,GENERAL,15:00,15:30,Reconocimiento médico,
14/01/2026,Varios,BAC2,GENERAL,15:30,16:02,Comprobación constructiva de zona constructiva 5 (popa) correspondiente a la zona 4 de fuego,
15/01/2026,Comprobación constructiva de zona constructiva 5 (popa) correspondiente a la zona 4 de fuego,BAC2,B520,6:59,13:30,Reunión por Teams con Paula y Miguel,
15/01/2026,Varios excel,PROG,GENERAL,13:30,14:01,Reunión Teams (Sheila  Paula  Miguel y yo),
15/01/2026,Comprobación constructiva de zona constructiva 5 (popa) correspondiente a la zona 4 de fuego,BAC2,B521,14:01,15:00,Comida,
15/01/2026,COMIDA,COM,GENERAL,15:00,15:30,COMIDA,
15/01/2026,Varios manual Foran,MAN,GENERAL,15:30,16:02,Comida,
16/01/2026,Comprobación constructiva de zona constructiva 5 (popa) correspondiente a la zona 4 de fuego,BAC2,B521,7:00,7:45,Formulario para el cálculo de secciones de conductos a partir del DN ,
16/01/2026,Manual Foran,MAN,GENERAL,7:45,8:07,Formulario para el cálculo de secciones de conductos a partir del DN ,
16/01/2026,Comprobación constructiva de zona constructiva 5 (popa) correspondiente a la zona 4 de fuego,BAC2,B521,8:07,8:34,Comparación de diagramas constructivos,
16/01/2026,Comprobación constructiva de zona constructiva 5 (popa) correspondiente a la zona 4 de fuego,BAC2,B521,7:10,08:34,Comprobación de conducto VEN4433  ,Imagen
16/01/2026,Reconocimiento médico,DES,GENERAL,8:48,11:30,Reconocimiento médico,
16/01/2026,Comprobación constructiva de zona constructiva 5 (popa) correspondiente a la zona 4 de fuego,BAC2,B521,11:30,11:47,Comprobación de conducto VEN4433  VEN4829,Imagen
16/01/2026,Comprobación constructiva de zona constructiva 5 (popa) correspondiente a la zona 4 de fuego,BAC2,B521,11:47,12:20,Comprobación de conducto VEN4411  VEN4211,Imagen
16/01/2026,Comprobación constructiva de zona constructiva 5 (popa) correspondiente a la zona 4 de fuego,BAC2,B521,12:20,12:32,Comprobación de conducto VEN4212,Imagen
16/01/2026,Comprobación constructiva de zona constructiva 5 (popa) correspondiente a la zona 4 de fuego,BAC2,B521,12:32,12:44,Comprobación conducto VEN4308,Imagen
16/01/2026,Comprobación constructiva de zona constructiva 5 (popa) correspondiente a la zona 4 de fuego,BAC2,B521,12:44,12:52,Comprobación conducto VEN4500  VEN4307,Imagen
16/01/2026,Comprobación constructiva de zona constructiva 5 (popa) correspondiente a la zona 4 de fuego,BAC2,B521,12:52,13:02,Comprobación conducto VEN4302,Imagen
16/01/2026,Comprobación constructiva de zona constructiva 5 (popa) correspondiente a la zona 4 de fuego,BAC2,B531,13:02,14:01,Comprobación de máquinas y elementos mecánicos existentes en el bloque B531,Imagen
19/01/2026,Comprobación de conexión a internet,BAC2,GENERAL,6:59,7:04,Fallo en la conexión a wifi  ya solucionado,
19/01/2026,Comprobación constructiva de zona constructiva 5 (popa) correspondiente a la zona 4 de fuego,BAC2,B530,7:04,8:30,Comprobación de componentes mécanicos existentes en el bloque B531,Imagen
19/01/2026,Se pasa OCR al pdf del diagrama de la zona de fuego 4 en zona constructiva 5,BAC2,GENERAL,8:30,9:12,Se pasa OCR a diagrama de fuego zona 4  porque no considera los textos en vertical.,
19/01/2026,Comprobación constructiva de zona constructiva 5 (popa) correspondiente a la zona 4 de fuego,BAC2,B530,9:12,9:25,Comprobación conducto VEN4309  VEN4318,Imagen
19/01/2026,Comprobación constructiva de zona constructiva 5 (popa) correspondiente a la zona 4 de fuego,BAC2,B521,9:25,9:31,Comprobación conducto VEN41317,Imagen
19/01/2026,Comprobación constructiva de zona constructiva 5 (popa) correspondiente a la zona 4 de fuego,BAC2,B531,9:31,9:42,Comprobación conducto VEN4315  VEN4316,Imagen
19/01/2026,Comprobación constructiva de zona constructiva 5 (popa) correspondiente a la zona 4 de fuego,BAC2,B531,9:42,9:48,Comprobación conducto VEN4326,Imagen
19/01/2026,Comprobación constructiva de zona constructiva 5 (popa) correspondiente a la zona 4 de fuego,BAC2,B521,9:48,9:50,Comprobación de conducto VEN4314,Imagen
19/01/2026,Comprobación constructiva de zona constructiva 5 (popa) correspondiente a la zona 4 de fuego,BAC2,B531,9:50,10:06,Comprobación VEN4308  VEN4313,Imagen
19/01/2026,Comprobación constructiva de zona constructiva 5 (popa) correspondiente a la zona 4 de fuego,BAC2,B531,10:06,10:11,Comprobación VEN4311,Imagen
19/01/2026,Comprobación constructiva de zona constructiva 5 (popa) correspondiente a la zona 4 de fuego,BAC2,B531,10:11,10:13,Comprobación final conducto VEN4308,Imagen
19/01/2026,Comprobación constructiva de zona constructiva 5 (popa) correspondiente a la zona 4 de fuego,BAC2,B531,10:13,10:28,Comprobación final conducto VEN4312,Imagen
19/01/2026,Comprobación constructiva de zona constructiva 5 (popa) correspondiente a la zona 4 de fuego,BAC2,B521,10:28,10:30,Comprobación final conducto ACO4132,Imagen
19/01/2026,Comprobación constructiva de zona constructiva 5 (popa) correspondiente a la zona 4 de fuego,BAC2,B531,10:30,10:34,Comprobación final conducto ACO4132,Imagen
19/01/2026,Comprobación constructiva de zona constructiva 5 (popa) correspondiente a la zona 4 de fuego,BAC2,B531,10:34,10:45,Comprobación final conducto ACO4133,Imagen
19/01/2026,Comprobación constructiva de zona constructiva 5 (popa) correspondiente a la zona 4 de fuego,BAC2,B531,10:45,10:56,Comprobación final conducto ACO4138,Imagen
19/01/2026,Comprobación constructiva de zona constructiva 5 (popa) correspondiente a la zona 4 de fuego,BAC2,B531,10:56,10:58,Comprobación constructiva de zona constructiva 5 (popa) correspondiente a la zona 4 de fuego,
19/01/2026,Reunión con Jesús Blanco Paz acerca de la zona 2  y puerta de calidad el 26/01/2026,BAC2,GENERAL,10:59,11:28,Comprobación del estado de la zona 2  avances en las distintas disciplinas,Imagen
19/01/2026,Comprobación constructiva de zona constructiva 5 (popa) correspondiente a la zona 4 de fuego,BAC2,B531,11:28,11:45,Comprobación final conducto ACO4128,Imagen
19/01/2026,Comprobación constructiva de zona constructiva 5 (popa) correspondiente a la zona 4 de fuego,BAC2,B531,11:45,11:51,Comprobación final conducto ACO4133,Imagen
19/01/2026,Comprobación constructiva de zona constructiva 5 (popa) correspondiente a la zona 4 de fuego,BAC2,B531,11:51,11:56,Comprobación final conducto ACO4130,Imagen
19/01/2026,Comprobación constructiva de zona constructiva 5 (popa) correspondiente a la zona 4 de fuego,BAC2,B521,11:56,11:57,Comprobación final conducto ACO4130,Imagen
19/01/2026,Comprobación constructiva de zona constructiva 5 (popa) correspondiente a la zona 4 de fuego,BAC2,B531,11:57,11:59,Comprobación final conducto ACO4131,Imagen
19/01/2026,Comprobación constructiva de zona constructiva 5 (popa) correspondiente a la zona 4 de fuego,BAC2,B531,11:59,12:01,Comprobación final conducto ACO4128 (FINAL),Imagen
19/01/2026,Comprobación constructiva de zona constructiva 5 (popa) correspondiente a la zona 4 de fuego,BAC2,B531,12:01,12:04,Comprobación final conducto ACO4129,Imagen
19/01/2026,Comprobación constructiva de zona constructiva 5 (popa) correspondiente a la zona 4 de fuego,BAC2,B531,12:04,12:06,Comprobación final conducto ACO4139,Imagen
19/01/2026,Comprobación constructiva de zona constructiva 5 (popa) correspondiente a la zona 4 de fuego,BAC2,B531,12:06,12:09,Comprobación final conducto ACO4126,Imagen
19/01/2026,Comprobación constructiva de zona constructiva 5 (popa) correspondiente a la zona 4 de fuego,BAC2,B531,12:09,12:14,Comprobación final conducto ACO4127,Imagen
19/01/2026,Comprobación constructiva de zona constructiva 5 (popa) correspondiente a la zona 4 de fuego,BAC2,B531,12:14,12:19,Comprobación final conducto ACO4121  ACO4122,Imagen
19/01/2026,Comprobación constructiva de zona constructiva 5 (popa) correspondiente a la zona 4 de fuego,BAC2,B531,12:19,12:25,Comprobación final conducto ACO4113,Imagen
19/01/2026,Comprobación constructiva de zona constructiva 5 (popa) correspondiente a la zona 4 de fuego,BAC2,B531,12:25,12:27,Comprobación final conducto ACO4115,Imagen
19/01/2026,Comprobación constructiva de zona constructiva 5 (popa) correspondiente a la zona 4 de fuego,BAC2,B531,12:27,12:29,Comprobación final conducto ACO4114,Imagen
19/01/2026,Macro para insertar la hora de inicio de una tarea  partiendo de la hora final de la anterior,PROG,B531,12:29,12:40,Macro para insertar la hora de inicio de una tarea  partiendo de la hora final de la anterior,
19/01/2026,Comprobación constructiva de zona constructiva 5 (popa) correspondiente a la zona 4 de fuego,BAC2,B531,12:40,12:50,Comprobación final conducto ACO4116,Imagen
19/01/2026,Comprobación constructiva de zona constructiva 5 (popa) correspondiente a la zona 4 de fuego,BAC2,B531,12:50,12:56,Comprobación final conducto ACO4117,Imagen
19/01/2026,Comprobación constructiva de zona constructiva 5 (popa) correspondiente a la zona 4 de fuego,BAC2,B531,12:56,12:58,Comprobación final conducto ACO4116,Imagen
19/01/2026,Comprobación constructiva de zona constructiva 5 (popa) correspondiente a la zona 4 de fuego,BAC2,B531,12:58,13:01,Comprobación final conducto ACO4119,Imagen
19/01/2026,Comprobación constructiva de zona constructiva 5 (popa) correspondiente a la zona 4 de fuego,BAC2,B531,13:01,13:03,Comprobación final conducto ACO4118  ACO4120,Imagen
19/01/2026,Comprobación constructiva de zona constructiva 5 (popa) correspondiente a la zona 4 de fuego,BAC2,B531,13:03,13:06,Comprobación final conducto ACO4125,Imagen
19/01/2026,Comprobación constructiva de zona constructiva 5 (popa) correspondiente a la zona 4 de fuego,BAC2,B531,13:06,13:22,Comprobación final conducto ACO4124,Imagen
19/01/2026,Comprobación constructiva de zona constructiva 5 (popa) correspondiente a la zona 4 de fuego,BAC2,B531,13:22,13:35,Comprobación final conducto VEN4411,Imagen
19/01/2026,Comprobación constructiva de zona constructiva 5 (popa) correspondiente a la zona 4 de fuego,BAC2,B531,13:35,13:37,Comprobación final conducto VEN4128,Imagen
19/01/2026,Comprobación constructiva de zona constructiva 5 (popa) correspondiente a la zona 4 de fuego,BAC2,B531,13:37,13:40,Comprobación final conducto VEN4202,Imagen
19/01/2026,Comprobación constructiva de zona constructiva 5 (popa) correspondiente a la zona 4 de fuego,BAC2,B531,13:40,13:55,Comprobación final conducto VEN4001,Imagen
19/01/2026,Llamada Miguel acerca de esquema funcional en Zona de fuego 3 del AAOR/BAC,BAC2,GENERAL,13:55,14:07,Nueva comprobación de las fotos y comentarios realizados en la zona de fuego 3 del BAC/AAOR,
19/01/2026,Revisión de los distintos comentarios del diagrama funcional del AAOR y del BAC de acuerdo a comentarios de Miguel  conforme hay imágenes que no están bien  con lo que opto por revisar todo  antes de que Miguel pierda tiempo,BAC2,GENERAL,14:07,15:01,Revisión del diagrama funcional AAOR/BAC,
19/01/2026,COMIDA,COM,GENERAL,15:01,15:31,COMIDA,
19/01/2026,Revisión comentarios del diagrama funcional del AAOR/BAC según lo acordado con Miguel,BAC2,GENERAL,15:31,15:58,Revisión del diagrama funcional AAOR/BAC,
19/01/2026,Reunión por Teams con Paula y Miguel,BAC2,GENERAL,15:58,16:28,Reunión por Teams con Paula y Miguel,
20/01/2026,Comprobación constructiva de zona 5 (popa) correspondiente a la zona 4 de fuego,BAC2,B521,6:55,08:00,Reunión Teams (Sheila  Paula  Miguel y yo),Imagen
20/01/2026,Reunión Teams (Jesús Castelao López  Paula  Miguel y yo,BAC2,GENERAL,8:00,08:33,Comida,
20/01/2026,Reunión Teams (Sheila  Paula  Miguel y yo),BAC2,GENERAL,8:33,8:50,Revisión de diagrama funcional AAOR-BAC  de acuerdo a los comentarios realizados por Miguel,
20/01/2026,Reunión Teams (Miguel y yo),BAC2,GENERAL,8:50,09:15,Comida,
20/01/2026,Comprobación constructiva de zona 5 (popa) correspondiente a la zona 4 de fuego,BAC2,B521,9:15,09:28,Formulario para el cálculo de secciones de conductos a partir del DN ,Imagen
20/01/2026,Comprobación constructiva de zona 5 (popa) correspondiente a la zona 4 de fuego,BAC2,B531,9:28,09:34,Formulario para el cálculo de secciones de conductos a partir del DN ,Imagen
20/01/2026,Comprobación constructiva de zona 5 (popa) correspondiente a la zona 4 de fuego,BAC2,B540,9:34,09:36,Comparación de diagramas constructivos,Imagen
20/01/2026,Comprobación constructiva de zona 5 (popa) correspondiente a la zona 4 de fuego,BAC2,B531,9:36,09:40,Comprobación constructiva de zona 5 (popa) correspondiente a la zona 4 de fuego,Imagen
20/01/2026,Comprobación constructiva de zona 5 (popa) correspondiente a la zona 4 de fuego,BAC2,B521,9:40,10:06,Comprobación VEN4501,Imagen
20/01/2026,Comprobación constructiva de zona 5 (popa) correspondiente a la zona 4 de fuego,BAC2,B521,10:06,10:10,Comprobación NBQ4106,Imagen
20/01/2026,Comprobación constructiva de zona 5 (popa) correspondiente a la zona 4 de fuego,BAC2,B521,10:10,10:20,Comprobación VEN4499,Imagen
20/01/2026,Comprobación constructiva de zona 5 (popa) correspondiente a la zona 4 de fuego,BAC2,B521,10:20,10:23,Comprobación VEN4412,Imagen
20/01/2026,Comprobación constructiva de zona 5 (popa) correspondiente a la zona 4 de fuego,BAC2,B521,10:23,10:35,Comprobación VEN4499,Imagen
20/01/2026,Comprobación constructiva de zona 5 (popa) correspondiente a la zona 4 de fuego,BAC2,B521,10:35,10:39,Comprobación VEN4323,Imagen
20/01/2026,Comprobación constructiva de zona 5 (popa) correspondiente a la zona 4 de fuego,BAC2,B521,10:39,10:42,Comprobación VEN4322,Imagen
20/01/2026,Comprobación constructiva de zona 5 (popa) correspondiente a la zona 4 de fuego,BAC2,B531,10:42,10:44,Comprobación VEN4322  VEN4325  VEN4324,Imagen
20/01/2026,Comprobación constructiva de zona 5 (popa) correspondiente a la zona 4 de fuego,BAC2,B521,10:44,10:56,Comprobación VEN4326,Imagen
20/01/2026,Comprobación constructiva de zona 5 (popa) correspondiente a la zona 4 de fuego,BAC2,B521,10:56,10:58,Comprobación VEN4327,Imagen
20/01/2026,Comprobación constructiva de zona 5 (popa) correspondiente a la zona 4 de fuego,BAC2,B531,10:58,11:00,Comprobación VEN4327,Imagen
20/01/2026,Comprobación constructiva de zona 5 (popa) correspondiente a la zona 4 de fuego,BAC2,B531,11:00,11:34,Comprobación VEN4601,Imagen
20/01/2026,Comprobación constructiva de zona 5 (popa) correspondiente a la zona 4 de fuego,BAC2,B531,11:34,11:56,Comprobación VEN4604,Imagen
20/01/2026,Comprobación constructiva de zona 5 (popa) correspondiente a la zona 4 de fuego,BAC2,B531,11:56,12:04,Comprobación VEN4603,Imagen
20/01/2026,Comprobación constructiva de zona 5 (popa) correspondiente a la zona 4 de fuego,BAC2,B531,12:04,12:15,Comprobación VEN4601 en final nivel 01 banda de Br,Imagen
20/01/2026,Comprobación constructiva de zona 5 (popa) correspondiente a la zona 4 de fuego,BAC2,B521,12:15,12:28,Comprobación VEN4606,Imagen
20/01/2026,Comprobación constructiva de zona 5 (popa) correspondiente a la zona 4 de fuego,BAC2,B521,12:28,12:33,Comprobación VEN4431,Imagen
20/01/2026,Comprobación constructiva de zona 5 (popa) correspondiente a la zona 4 de fuego,BAC2,B521,12:33,12:40,Comprobación VEN4411,Imagen
20/01/2026,Comprobación constructiva de zona 5 (popa) correspondiente a la zona 4 de fuego,BAC2,B521,12:40,12:41,Comprobación VEN4202,Imagen
20/01/2026,Comprobación constructiva de zona 5 (popa) correspondiente a la zona 4 de fuego,BAC2,B521-B531,12:41,12:50,Comprobación VEN4209,Imagen
20/01/2026,Comprobación constructiva de zona 5 (popa) correspondiente a la zona 4 de fuego,BAC2,B521-B531,12:50,12:57,Comprobación NBQ4170,Imagen
20/01/2026,Comprobación constructiva de zona 5 (popa) correspondiente a la zona 4 de fuego,BAC2,B521,12:57,13:11,Comprobación NBQ4170,Imagen
20/01/2026,Comprobación constructiva de zona 5 (popa) correspondiente a la zona 4 de fuego,BAC2,B521,13:11,13:14,Comprobación VEN4410,Imagen
20/01/2026,Comprobación constructiva de zona 5 (popa) correspondiente a la zona 4 de fuego,BAC2,B521,13:14,13:17,Comprobación VEN4434,Imagen
20/01/2026,Comprobación constructiva de zona 5 (popa) correspondiente a la zona 4 de fuego,BAC2,B531,13:17,13:31,Comprobación de VEN4610 y VEN4611,Imagen
20/01/2026,Comprobación constructiva de zona 5 (popa) correspondiente a la zona 4 de fuego,BAC2,B531,13:31,13:58,Comprobación VEN4612  ,Imagen
20/01/2026,Comprobación constructiva de zona 5 (popa) correspondiente a la zona 4 de fuego,BAC2,B531,13:58,14:18,Comprobación VEN4616 y varios equipos,Imagen
20/01/2026,Comprobación constructiva de zona 5 (popa) correspondiente a la zona 4 de fuego,BAC2,B531,14:18,14:25,Comprobación de VEN4610  VEN4614  VEN4617,Imagen
20/01/2026,Comprobación constructiva de zona 5 (popa) correspondiente a la zona 4 de fuego,BAC2,B531,14:25,14:42,Comprobación de NBQ4104  NBQ4103,Imagen
20/01/2026,Comprobación constructiva de zona 5 (popa) correspondiente a la zona 4 de fuego,BAC2,B531,14:42,15:00,Varios remodelación macros,
20/01/2026,COMIDA,COM,GENERAL,15:00,15:30,COMIDA,
20/01/2026,Revisión de macros,PROG,GENERAL,15:30,16:03,Creación de formulario para cálculo de velocidades   diámetros equivalentes ,
21/01/2026,Revisión de macros,PROG,GENERAL,6:56,07:37,Creación de formulario para cálculo de velocidades   diámetros equivalentes ,
20/01/2026,Comprobación constructiva de zona 5 (popa) correspondiente a la zona 4 de fuego,BAC2,B531,7:37,07:54,Comprobación ACO4155,
21/01/2026,Comprobación constructiva de zona 5 (popa) correspondiente a la zona 4 de fuego,BAC2,B531,7:54,07:56,Comprobación ACO4158,
21/01/2026,Comprobación constructiva de zona 5 (popa) correspondiente a la zona 4 de fuego,BAC2,B531,7:56,08:02,Comprobación ACO4160,
21/01/2026,Comprobación constructiva de zona 5 (popa) correspondiente a la zona 4 de fuego,BAC2,B531,8:02,08:08,Comprobación ACO4191,
21/01/2026,Comprobación constructiva de zona 5 (popa) correspondiente a la zona 4 de fuego,BAC2,B531,8:08,08:11,Comprobación ACO4180,
21/01/2026,Comprobación constructiva de zona 5 (popa) correspondiente a la zona 4 de fuego,BAC2,B521-B531,8:11,08:18,Comprobación ACO4180  ACO4168  ACO4401  AC04164,
21/01/2026,Comprobación constructiva de zona 5 (popa) correspondiente a la zona 4 de fuego,BAC2,B521-B531,8:18,08:21,Comprobación ACO4163  ACO4166,
21/01/2026,Comprobación constructiva de zona 5 (popa) correspondiente a la zona 4 de fuego,BAC2,B521-B531,8:21,08:32,Comprobación ACO4168 hacia banda BBr. ACO4169,
21/01/2026,Comprobación constructiva de zona 5 (popa) correspondiente a la zona 4 de fuego,BAC2,B521-B531,8:32,08:34,Comprobación ACO4175,
21/01/2026,Comprobación constructiva de zona 5 (popa) correspondiente a la zona 4 de fuego,BAC2,B531,8:34,08:36,Comprobación ACO4176,
21/01/2026,Comprobación constructiva de zona 5 (popa) correspondiente a la zona 4 de fuego,BAC2,B531,8:36,08:37,Comprobación ACO4177,
21/01/2026,Comprobación constructiva de zona 5 (popa) correspondiente a la zona 4 de fuego,BAC2,B531,8:37,08:45,Comprobación ACO4168  ACO4405  ACO4174,
21/01/2026,Comprobación constructiva de zona 5 (popa) correspondiente a la zona 4 de fuego,BAC2,B531-B540,8:45,08:50,Comprobación ACO4406  ACO4168  ACO4171,
21/01/2026,Comprobación constructiva de zona 5 (popa) correspondiente a la zona 4 de fuego,BAC2,B531,8:50,08:52,Comprobación ACO4405,
21/01/2026,Comprobación constructiva de zona 5 (popa) correspondiente a la zona 4 de fuego,BAC2,B531,8:52,09:09,Comprobación ACO4142  ACO4406 (DEBERIA TENER OTRA NOTACIÓN POR REPETICION. SE INCLUYE EN EXCEL DE REVISIÓN),
21/01/2026,Comprobación constructiva de zona 5 (popa) correspondiente a la zona 4 de fuego,BAC2,B521-B531,9:09,09:12,Comprobación ACO4147  ACO4146,
21/01/2026,Fallo en 2FA para acceder al ordenador después de haberlo bloqueado por salir de mi escritorio,NAV,GENERAL,9:12,09:52,Fallo en 2FA para acceder al ordenador después de haberlo bloqueado por salir de mi escritorio,
21/01/2026,Comprobación constructiva de zona 5 (popa) correspondiente a la zona 4 de fuego,BAC2,B531-B540,9:52,10:22,Comprobación ACO4624. No corresponde diagrama con modelo 3D,
21/01/2026,Comprobación constructiva de zona 5 (popa) correspondiente a la zona 4 de fuego,BAC2,B540,10:22,10:31,Comprobación ACO4620.,
21/01/2026,Comprobación constructiva de zona 5 (popa) correspondiente a la zona 4 de fuego,BAC2,B540,10:31,10:38,FCO-ACO4006 y FCO-ACO3006 fuera del bloque B540 por la banda de babor,
21/01/2026,Comprobación constructiva de zona 5 (popa) correspondiente a la zona 4 de fuego,BAC2,B531,10:38,11:10,Comprobación ACO4621 y ACO4623,
21/01/2026,Comprobación constructiva de zona 5 (popa) correspondiente a la zona 4 de fuego,BAC2,B531,11:10,11:16,Comprobación NBQ4631,
21/01/2026,Varios,BAC2,B531,11:16,11:24,Varios,
21/01/2026,Aplicativo cálculo de conductos,BAC2,B531,11:24,12:37,Avance en el formulario de cálculo de conductos,
21/01/2026,Conversación Teams con Miguel,BAC2,GENERAL,12:37,12:54,Se le comenta a Miguel  que acabé con zona de fuego 4 en zona constructiva 5. Voy a revisar nuevamente que no falte conducto alguno por revisar  y se revisan los comentarios realizados por el en días pasados para implementarlos en la hoja donde se están reflejando los comentarios funcionales AAOR-BAC,
21/01/2026,Revisión de diagrama funcional AAOR-BAC  de acuerdo a los comentarios realizados por Miguel,BAC2,GENERAL,12:54,15:04,Revisión de diagrama funcional AAOR-BAC  de acuerdo a los comentarios realizados por Miguel,
21/01/2026,COMIDA,COM,GENERAL,15:04,15:34,COMIDA,
21/01/2026,Formulario para el cálculo de secciones de conductos a partir del DN ,PROG,GENERAL,15:34,16:04,Formulario para el cálculo de secciones de conductos a partir del DN ,
22/01/2026,Formulario para el cálculo de secciones de conductos a partir del DN ,PROG,GENERAL,06:56,08:12,Formulario para el cálculo de secciones de conductos a partir del DN ,
22/01/2026,Conversación Teams con Miguel,BAC2,GENERAL,8:12,08:22,Conversación acerca de la zona 5  realización de análisis constructivo en zona de fuego 4 de la zona constructiva 5,
22/01/2026,Comparación de diagramas constructivos,BAC2,GENERAL,8:22,08:50,Comparación de diagramas constructivos,
22/01/2026,Comparación de diagramas constructivos ZF4 en ZC5 B521,ABAC,GENERAL,8:50,09:36,Conversión OCR de ambos diagramas constructivos AAOR-BAC,
22/01/2026,Comparación de diagramas constructivos ZF4 en ZC5 cubierta principal,ABAC,GENERAL,9:36,12:32,Comparación constructiva AAOR-BAC cubierta principal,
22/01/2026,Formulario principal para cálculo de conductos,PROG,GENERAL,12:32,12:45,FrmMain.frm para cálculo de conductos,
22/01/2026,Inclusión de los comentarios realizados por Miguel en la hoja excel general de ZC5,PROG,GENERAL,12:45,13:33,Se incluyen los comentarios realizados y aprobados por Miguel en la Excel correspondiente a ZC5 ZF3 y ZF4,
22/01/2026,Comparación de diagramas constructivos ZF4 en ZC5 segunda cubierta,ABAC,GENERAL,13:33,15:00,Comparación constructiva AAOR-BAC segunda cubierta,
22/01/2026,COMIDA,COM,GENERAL,15:00,15:30,COMIDA,
22/01/2026,FrmMain.frm en excel de calculo de secciones y conductos,PROG,GENERAL,15:30,16:02,FrmMain.frm en excel de calculo de secciones y conductos,
23/01/2026,FrmMain.frm en excel de calculo de secciones y conductos,PROG,GENERAL,6:56,07:40,FrmMain.frm en excel de calculo de secciones y conductos,
23/01/2026,Comparación de diagramas constructivos ZF4 en ZC5 segunda cubierta,ABAC,GENERAL,7:40,09:13,Comparación constructiva AAOR-BAC segunda cubierta,
23/01/2026,Comparación de diagramas constructivos ZF4 en ZC5 nivel 01,ABAC,GENERAL,9:13,10:16,Comparación constructiva AAOR-BAC nivel 01,
23/01/2026,Comparación de diagramas constructivos ZF4 en ZC5 nivel 01,ABAC,GENERAL,10:16,12:29,Comparación constructiva AAOR-BAC nivel 01,
23/01/2026,FrmMain.frm en excel de calculo de secciones y conductos,PROG,GENERAL,12:29,13:30,FrmMain.frm en excel de calculo de secciones y conductos,
26/01/2026,FrmMain.frm en excel de calculo de secciones y conductos,PROG,GENERAL,6:56,07:49,FrmMain.frm en excel de calculo de secciones y conductos,
26/01/2026,FrmMain.frm en excel de calculo de secciones y conductos,PROG,GENERAL,7:49,08:33,FrmMain.frm en excel de calculo de secciones y conductos,
26/01/2026,Se revisan los funcionales  para ver su implicación en la comparación constructiva  AAOR-BAC,ABAC,GENERAL,8:33,09:28,Revisión de diagrama funcional AAOR-BAC para ver su implicación en el constructivo AAOR-BAC,
26/01/2026,Macro para el conteo de horas de una fecha concreta indicada en un inputbox,PROG,GENERAL,9:28,9:32,Macro para la suma de horas de una fecha concreta,
26/01/2026,Se revisan los funcionales  para ver su implicación en la comparación constructiva  AAOR-BAC. Conversación por Teams con Miguel acerca de conducto estanco ACO4624 en AAOR  mientras que en BAC no es estanco y no cambia de local como en AAOR,ABAC,531-540,9:32,10:14,Revisión de diagrama funcional AAOR-BAC para ver su implicación en el constructivo AAOR-BAC,
26/01/2026,Se pasa excel ZF4 ZC5 a Miguel para su revisión e inclusión en excel general,PROG,GENERAL,10:14,10:17,Se le facilita a Miguel la excel de ZF4 ZC5 por Teams para revisión/inclusión en excel general,
26/01/2026,Realización de una macro que compute las horas de una jornada indicada mediante un inputbox,PROG,GENERAL,10:17,10:39,Realización de una macro que compute las horas de una jornada indicada mediante un inputbox,
26/01/2026,Comprobación funcional de la ZF1 ZC6 del AAOR-BAC,ABAC,GENERAL,10:39,11:00,Comprobación funcional de la ZF1 ZF6 del AAOR-BAC,
26/01/2026,Reunión Teams integración modelo 3D BAC,ABAC,GENERAL,11:00,11:28,Reunión Teams integración modelo 3D BAC,
26/01/2026,Comprobación funcional de la ZF1 ZC6 del AAOR-BAC,ABAC,GENERAL,11:28,11:40,Comprobación funcional de la ZF1 ZF6 del AAOR-BAC,
26/01/2026,Se pasa OCR a los diagramas de AAOR y BAC para agilizar trabajos ,ABAC,GENERAL,11:40,12:15,Se pasa OCR a los diagramas de AAOR y BAC para agilizar trabajos ,
26/01/2026,Varios,INT,GENERAL,12:15,12:30,Varios excel FrmMain.frm,
26/01/2026,Comprobación funcional de la ZF1 ZC6 del AAOR-BAC,ABAC,GENERAL,12:30,15:00,Comprobación funcional de la ZF1 ZF6 del AAOR-BAC,
26/01/2026,COMIDA,COM,GENERAL,15:00,15:30,COMIDA,
26/01/2026,Comprobación funcional de la ZF1 ZC6 del AAOR-BAC,ABAC,GENERAL,15:30,16:02,Comprobación funcional de la ZF1 ZF6 del AAOR-BAC,
27/01/2026,Actualización de formulario para cálculo de secciones y diámetros,ABAC,GENERAL,6:56,07:17,Actualización de formulario para cálculo de secciones y diámetros,
27/01/2026,Comprobación funcional de la ZF1 ZC6 del AAOR-BAC,ABAC,GENERAL,7:17,7:30,Comprobación funcional de la ZF1 ZF6 del AAOR-BAC. En cubierta principal,
27/01/2026,Reunión Teams Paula  Sheila  Miguel y yo,ABAC,GENERAL,7:30,8:03,Comentarios acerca ZC5 ZF3 ZF4,
27/01/2026,Comprobación funcional de la ZF1 ZC6 del AAOR-BAC,ABAC,GENERAL,8:03,08:39,Comprobación funcional de la ZF1 ZF6 del AAOR-BAC. En cubierta principal,
27/01/2026,Revisión de la excel común  con todas las incidencias detectadas en Zona 5  para entender el alcance real de cada una de ellas y su localización en el modelo de Foran,PROG,GENERAL,8:39,12:02,Revisión de la excel común  con todas las incidencias detectadas en Zona 5  para entender el alcance real de cada una de ellas y su localización en el modelo de Foran,
27/01/2026,Revisión de la excel común  con todas las incidencias detectadas en Zona 5  para entender el alcance real de cada una de ellas y su localización en el modelo de Foran,PROG,GENERAL,12:02,13:22,Revisión de la excel común  con todas las incidencias detectadas en Zona 5  para entender el alcance real de cada una de ellas y su localización en el modelo de Foran,
27/01/2026,Llamada con Miguel  acerca de comentarios en la ZC5 ZF4 en la cocina conforme me he olvidado de añadir comentarios acerca del conducto estanco en proa de la cocina del AAOR. Como en el BAC el local de la cocina es más pequeño  se reubica FCO-ACO4007 con lo que el conducto ACO4624 no necesita ser estanco,ABAC,GENERAL,13:22,13:34,Llamada con Miguel  acerca de comentarios en la ZC5 ZF4 en la cocina conforme me he olvidado de añadir comentarios acerca del conducto estanco en proa de la cocina del AAOR. Como en el BAC el local de la cocina es más pequeño  se reubica FCO-ACO4007 con lo que el conducto ACO4624 no necesita ser estanco. Se aprovecha la llamada para preguntar le a Miguel que me explique como funciona la búsqueda de un componente (prismáticos) en Foran,
27/01/2026,Preparación del apartado correspondiente a la búsqueda de componente del que solo se conoce el nombre,PROG,GENERAL,13:34,14:56,"Preparación de ""Buscar componente existente del que conoce el nombre"".",
27/01/2026,Revisión de la excel común  con todas las incidencias detectadas en Zona 5  para entender el alcance real de cada una de ellas y su localización en el modelo de Foran,PROG,GENERAL,14:56,15:08,Revisión de la excel común  con todas las incidencias detectadas en Zona 5  para entender el alcance real de cada una de ellas y su localización en el modelo de Foran,
27/01/2026,COMIDA,COM,GENERAL,15:08,15:38,COMIDA,
27/01/2026,Manual Foran,MAN,GENERAL,15:38,16:03,Manual Foran en formato plantilla Ghenova,
28/01/2026,Varios Manual Foran,MAN,GENERAL,6:56,07:54,Manual Foran en formato plantilla Ghenova,
28/01/2026,Revisión de las incidencias generadas  que afecten a cambios de estanqueidad o diámetro. Se empieza de arriba abajo en cubiertas para cierre de incidencias en orden.,ABAC,B542 B552,7:54,08:34,Revisión de las incidencias generadas  que afecten a cambios de estanqueidad o diámetro. Se empieza de arriba abajo en cubiertas para cierre de incidencias en orden.,
28/01/2026,Reunión por Teams con Paula y Miguel,ABAC,B552 B554,8:34,8:56,Reparto de tareas en la actualización de conductos en B552 y B554,
28/01/2026,Revisión en ZC5 B552 B554 del conducto VEN3048,ABAC,B552 B554,8:56,09:12,Revisión en ZC5 B552 B554 del conducto VEN3048. Inicio en el modelado en Foran  con ayuda y directrices de Miguel,
28/01/2026,Manual Foran,MAN,GENERAL,9:12,9:17,Se actualiza Manual Foran a formato Ghenova,
28/01/2026,Masterclass de Miguel para manejo de Foran,PROG,GENERAL,9:17,11:43,Aprender a modelar conductos de HVAC  realización de tramos  creación de elementos  insercción de elementos en entremos  etc. Todo lo referente al manejo  copia  trazado de conductos HVAC,
28/01/2026,Manual Foran parte de conductos HVAC,MAN,GENERAL,11:43,13:45,Redacción de trazado y modificación en HVAC,
28/01/2026,Búsqueda de sistema para bloqueo de un conducto en Foran,INT,GENERAL,13:45,14:05,Búsqueda de sistema para bloqueo de un conducto en Foran,
28/01/2026,Manual Foran parte de conductos HVAC,MAN,GENERAL,14:05,15:02,Redacción de trazado y modificación en HVAC,
28/01/2026,COMIDA,COM,GENERAL,15:02,15:32,COMIDA,
28/01/2026,Manual Foran parte de conductos HVAC,MAN,GENERAL,15:32,16:03,Manual Foran parte de conductos HVAC,
29/01/2026,Manual de funcionamiento de ECOPLAN,MAN,GENERAL,06:54,07:19,Manual de funcionamiento de ECOPLAN,
29/01/2026,Manual Foran parte de conductos HVAC,MAN,GENERAL,7:19,08:01,Manual Foran parte de conductos HVAC,
29/01/2026,Mover punto auxiliar P001 a las coordenadas que me interesan,BAC2,B552 B554,8:01,08:23,Mover punto auxiliar P001 a las coordenadas que me interesan,
29/01/2026,Traslación del punto auxiliar,BAC2,B552 B554,8:23,08:39,Traslación del punto auxiliar,
29/01/2026,Estudio de estándares de conductos estancos aplicables a este buque para la modificación de conductos existentes.,BAC2,B552 B554,8:39,09:59,Estudio de estándares de conductos estancos aplicables a este buque para la modificación de conductos existentes.,
29/01/2026,Estudio de estándares de conductos estancos aplicables a este buque para la modificación de conductos existentes.,BAC2,B552 B554,9:59,11:25,Revisión de  estándar correspondiente a conducto estándar estanco al agua,
29/01/2026,Generación del primer conducto en Foran *MPJ,BAC2,B552 B554,11:25,12:21,Generación del primer conducto en Foran *MPJ,
29/01/2026,Reunión por Teams con Miguel  para aclaración de dudas,BAC2,B552 B554,12:21,13:01,Reunión por Teams con Miguel  para aclaración de dudas,
29/01/2026,Revisión de notas tras lo comentado por Miguel,BAC2,B552 B554,13:01,14:03,Revisión de notas tras lo comentado por Miguel. Se cumplimenta el documento de word correspondiente a dudas.,
29/01/2026,Generación del primer conducto en Foran *MPJ,BAC2,B552 B554,14:03,15:01,Generación del primer conducto en Foran *MPJ,
29/01/2026,COMIDA,COM,GENERAL,15:01,15:31,COMIDA,
29/01/2026,Trazado del conducto ####*MPJ,BAC2,B554,15:31,16:02,Trazado del conducto ####*MPJ  insercción de codos  y mas tramos rectos.,
30/01/2026,Trazado del conducto ####*MPJ,BAC2,B554,6:55,07:25,Trazado del conducto ####*MPJ  insercción de codos  y mas tramos rectos.,
30/01/2026,Trazado del conducto ####*MPJ similar a 3048 en B554,BAC2,B554,07:25,07:29,Trazado  de conducto ####*MPJ,
30/01/2026,Reunión con Paula  Sheila  Miguel  MPJ,BAC2,GENERAL,7:29,07:48,"Reunión donde se trata:
- Modificaciones y respeto del estándar.
- Control de equipos.
- Altas y bajas se marcan en excel-->Aviso a Josué de cambios en  máquinas  al dar altas o bajas.",
30/01/2026,Trazado del conducto ####*MPJ similar a 3048 en B554,BAC2,B554,7:48,09:21,Trazado  de conducto ####*MPJ,
30/01/2026,Trazado del conducto ####*MPJ similar a 3048 en B554,BAC2,B554,9:21,10:42,Trazado  de conducto ####*MPJ. Nuevo tramo donde se añade conducto oval estanco al agua,
30/01/2026,Trazado del conducto ####*MPJ similar a 3048 en B554,BAC2,B554,10:42,11:22,Trazado  de conducto ####*MPJ. Busqueda de conducto oval estanco al agua,
30/01/2026,"""Investigación"" de porque no aparecen conductos y accesorios ovales",BAC2,B554,11:22,12:03,Búsqueda de conductos y accesorios ovales. Los conductos ovales los representa rectangulares,
30/01/2026,Modificación de elementos tipo macro,PROG,B554,12:03,13:49,Modificación de elementos tipo macro,
02/02/2026,Ver emails de Paula del 30/01/2026,BAC2,GENERAL,7:00,07:06,Ver emails de Paula del 30/01/2026,
02/02/2026,Trazado del conducto ####*MPJ similar a 3048 en B554,BAC2,B554,7:06,09:44,Trazado  de conducto ####*MPJ. Busqueda de conducto oval estanco al agua,
02/02/2026,Conectar selección,BAC2,B554,9:44,10:54,Conectar dos elementos del tramo de conducto que están separados,
02/02/2026,Varios en BAC2 B554,BAC2,B554,10:54,11:03,Varios en BAC2 B554,
02/02/2026,Reunión del modelo 3D,BAC2,GENERAL,11:03,11:20,"Reunión modelo 3D BAC.
- Redimensionamiento grupo de trabajo  reducción de grupos de trabajo.
- Revisión de avance en distintos bloques.
",
02/02/2026,Continuación con las incidencias en ZC5,BAC2,B552-B554,11:20,11:53,Continuación con las incidencias en ZC5,
02/02/2026,Trazado del conducto ####*MPJ similar a 3048 en B552-B554,BAC2,B552-B554,11:53,13:11,Trazado  de conducto ####*MPJ. Busqueda de conducto oval estanco al agua,
02/02/2026,Continuación con las incidencias en ZC5,BAC2,B552-B554,13:11,13:25,Continuación con las incidencias en ZC5,
02/02/2026,Revisión del conducto ####*MPJ similar a 3048 con Miguel,BAC2,B552-B554,13:25,13:52,Revisión del conducto ####*MPJ similar a 3048 con Miguel,
08/01/2026,Trazado del conducto ####*MPJ similar a 3048 en B552-B554,BAC2,B552-B554,13:52,15:04,Trazado del conducto ####*MPJ similar a 3048 en B552-B554,
02/02/2026,COMIDA,COM,GENERAL,15:04,15:34,COMIDA,
02/02/2026,Trazado del conducto ####*MPJ similar a 3048 en B552-B554,BAC2,B552-B554,15:34,16:03,Trazado del conducto ####*MPJ similar a 3048 en B552-B554,
03/02/2026,Varios,BAC2,B552-B554,6:59,07:14,Varios,
03/02/2026,Trazado del conducto ####*MPJ similar a 3048 en B552-B554 inserción brida  junta contrabrida y conducto,BAC2,B552-B554,7:14,8:02,Trazado del conducto ####*MPJ similar a 3048 en B552-B554 inserción brida  junta contrabrida y conducto,
03/02/2026,Trazado del conducto ####*MPJ similar a 3048 en B552-B554 ajustes de conducto,BAC2,B552-B554,8:02,11:12,Trazado del conducto ####*MPJ similar a 3048 en B552-B554 ajustes de conducto,
03/02/2026,Trazado del conducto ####*MPJ similar a 3048 en B552-B554 ajustes de conducto en parte vertical final,BAC2,B552-B554,11:12,15:00,Trazado del conducto ####*MPJ similar a 3048 en B552-B554 ajustes de conducto en parte vertical final,
03/02/2026,COMIDA,COM,GENERAL,15:00,15:30,COMIDA,
03/02/2026,Trazado del conducto ####*MPJ similar a 3048 en B552-B554 ajustes de conducto en parte vertical final,BAC2,B552-B554,15:30,16:05,Trazado del conducto ####*MPJ similar a 3048 en B552-B554 ajustes de conducto en parte vertical final,
04/02/2026,Trazado del conducto ####*MPJ similar a 3048 en B552-B554 ajustes de conducto en parte vertical central,BAC2,B552-B554,6:58,07:23,Problemas de login en Fpipe  me cambió de proyecto,
04/02/2026,Trazado del conducto ####*MPJ similar a 3048 en B552-B554 ajustes de conducto en parte vertical central,BAC2,B552-B554,7:23,10:21,Trazado del conducto ####*MPJ similar a 3048 en B552-B554 ajustes de conducto en parte vertical central y sus correspondientes ajustes,
04/02/2026,Reunión por Teams con Miguel y Sheila,BAC2,B552-B554,10:21,10:33,Reunión por Teams con Miguel y Sheila,
04/02/2026,Trazado del conducto ####*MPJ similar a 3048 en B552-B554 ajustes de conducto en parte vertical central,BAC2,B552-B554,10:33,10:45,Trazado del conducto ####*MPJ similar a 3048 en B552-B554 ajustes de conducto en parte vertical central y sus correspondientes ajustes,
04/02/2026,Problemas de conexión a Horizon. El sistema me echó fuera,NAV,GENERAL,10:45,11:03,Problemas de conexión a Horizon. El sistema me echó fuera. Contactando con Helpdesk para que me den acceso,
04/02/2026,Manual Foran,MAN,GENERAL,11:03,11:08,Manual Foran  readptación de varios apartados y párrafos,
04/02/2026,Trazado del conducto ####*MPJ similar a 3048 en B552-B554 ajustes de conducto en parte vertical central,BAC2,B552-B554,11:08,11:59,Trazado del conducto ####*MPJ similar a 3048 en B552-B554 ajustes de conducto en parte vertical central y sus correspondientes ajustes,
04/02/2026,Reunión Paula  Sheila  Miguel y yo,BAC2,B552-B554,11:59,14:00,Reunión Paula  Sheila  Miguel y yo,
04/02/2026,Problemas con Foran,BAC2,B552-B554,14:00,15:13,Problemas con Foran. Dí a cerrar sin querer  y se aborto la sesión en Foran  aunque está abierto,
04/02/2026,Llamada de Miguel para rutado de conducto.,BAC2,B552-B554,15:13,16:04,Llamada de Miguel para rutado de conducto.,
05/02/2026,Revisión de email/Teams,BAC2,B552-B554,6:57,07:02,Revisión de email/Teams,
05/02/2026,Trazado del conducto ####*MPJ similar a 3048 en B552-B554 ajustes de conducto en parte vertical central,BAC2,B552-B554,7:02,7:31,Modificación del conducto 3048 nuevo de la parte superior  calcando los componentes del conducto original  no estancos,
05/02/2026,Teams con Miguel acerca Foran,BAC2,B552-B554,7:31,8:02,Directrices para manejo de Foran,
05/02/2026,Trazado del conducto ####*MPJ similar a 3048 original,BAC2,B552-B554,8:02,10:19,Trazado del conducto ####*MPJ similar a 3048 original,
05/02/2026,Conversacion Teams con Miguel,BAC2,B552-B554,10:19,14:25,Revisión del conducto nuevo  y viendo que el viejo 3048 está mal pore tener desvíos que no debería tener,
05/02/2026,Cambio de escritorio,NAV,GENERAL,14:25,14:40,Cambio de escritorio,
05/02/2026,Trazado del conducto ####*MPJ similar a 3048 original,BAC2,B552-B554,14:40,16:02,Trazado del conducto ####*MPJ similar a 3048 original,
06/02/2026,Trazado del conducto ####*MPJ similar a 3048 original,BAC2,B552-B554,6:58,8:57,Trazado del conducto ####*MPJ similar a 3048 original,
06/02/2026,Trazado del conducto que no cuadra con ejes y planos principales,BAC2,B552-B554,8:57,10:02,Trazado del conducto entre elementos verticales  que no cuadra en los planos o ejes principales  con la herramienta rutado,
06/02/2026,Ajuste de conducto central a la configuración del original,BAC2,B552-B554,10:02,10:29,Ajuste de conducto central a la configuración del original,
06/02/2026,Reunión Teams Paula  Sheila  Miguel y yo,BAC2,B552-B554,10:29,10:36,Reunión Teams Paula  Sheila  Miguel y yo,
06/02/2026,Ajuste de conducto central a la configuración del original,BAC2,B552-B554,10:36,10:46,Trazado del conducto entre elementos verticales  que no cuadra en los planos o ejes principales  con la herramienta rutado,
06/02/2026,Reunión Teams con Miguel  acerca de estado del nuevo conducto 3048,BAC2,B552-B554,10:46,10:59,Comentarios acerca del nuevo conducto 3048  donde hay que realizar algún ajusta para que coincida la parte que está fuera de planos y ejes principales,
06/02/2026,Modificación del nuevo conducto 3048  ajustado para que coincida más al detalle con el viejo,BAC2,B552-B554,10:59,12:44,Modificación del nuevo conducto 3048  ajustado para que coincida más al detalle con el viejo,
06/02/2026,Instalación varios Autodesk,INT,GENERAL,12:44,13:01,Instalación varios actualizaciones de Autodesk,
06/02/2026,Varios excel,PROG,GENERAL,13:01,13:59,Varios macros excel,
09/02/2026,Varios,INT,GENERAL,6:56,07:06,Varios,
09/02/2026,Trazado del conducto ####*MPJ similar a 3048 original,BAC2,B552-B554,7:06,07:30,Trazado del conducto ####*MPJ similar a 3048 original,
09/02/2026,Comprobación de nuevo trazado *MPJ que sustituirá a 3048 dentro de bloques,BAC2,B552-B554,7:30,08:59,Comprobación de nuevo trazado *MPJ que sustituirá a 3048 dentro de bloques,
09/02/2026,Se continúa haciendo estanco el conducto VEN308  *MPJ en cubiertas inferiores,BAC2,B550,8:59,11:00,Se continúa haciendo estanco el conducto VEN308  *MPJ en cubiertas inferiores de acuerdo a diagrama BAC,
09/02/2026,Reunión integración modelo 3D  varias disciplinas,BAC2,GENERAL,11:00,11:21,"Reunión integración modelo 3D
- Zona 2 prácticamente finalizada.
- Puertas de calidad  se baraja 16/02/2026 zona 2 (oficioso).
- Semana del 02/03/2026 zona 1.
- Solicitarán pendientes funcionales de zona 2.
- Plan de penetraciones  ver lo que está pendiente.",
09/02/2026,Se continúa haciendo estanco el conducto VEN308  *MPJ en cubiertas inferiores,BAC2,B550,11:21,12:23,Se continúa haciendo estanco el conducto VEN308  *MPJ en cubiertas inferiores de acuerdo a diagrama BAC,
09/02/2026,Teams con Miguel  se comprobó que había una transformación mal en el de referencia,BAC2,B550,12:23,12:45,Teams con Miguel  se comprobó que había una transformación mal en el de referencia,
09/02/2026,Se continúa haciendo estanco el conducto VEN308  *MPJ en cubiertas inferiores,BAC2,B550,12:45,14:07,Se continúa haciendo estanco el conducto VEN308  *MPJ en cubiertas inferiores de acuerdo a diagrama BAC,
09/02/2026,Se continúa haciendo estanco el conducto VEN308  *MPJ en cubiertas inferiores,BAC2,B550,14:07,15:00,Se continúa haciendo estanco el conducto VEN308  *MPJ en cubiertas inferiores de acuerdo a diagrama BAC,
09/02/2026,COMIDA,COM,GENERAL,15:00,15:30,COMIDA,
09/02/2026,Se continúa haciendo estanco el conducto VEN308  *MPJ en cubiertas inferiores,BAC2,B550,15:30,16:05,Se continúa haciendo estanco el conducto VEN308  *MPJ en cubiertas inferiores de acuerdo a diagrama BAC,
10/02/2026,Se continúa haciendo estanco el conducto VEN308  *MPJ en cubiertas inferiores,BAC2,B550,6:57,07:23,Se continúa haciendo estanco el conducto VEN308  *MPJ en cubiertas inferiores de acuerdo a diagrama BAC,
10/02/2026,Comprobacion de interferencias entre conducto *MPJ/3048 y demás elementos de bloque B550,BAC2,B550,7:23,08:25,Comprobacion de interferencias entre conducto *MPJ/3048 y demás elementos de bloque B550,
10/02/2026,Se continúa haciendo estanco el conducto VEN308  *MPJ en cubiertas inferiores,BAC2,B550,8:25,09:41,Se continúa haciendo estanco el conducto VEN308  *MPJ en cubiertas inferiores de acuerdo a diagrama BAC,
10/02/2026,Se continúa haciendo hoja de cálculo para la realización de bridas rectangulares tipo 2,BAC2,B550,9:41,10:22,Se continúa haciendo hoja de cálculo para la realización de bridas rectangulares tipo 2,
10/02/2026,Haciendo ramales del conducto 3048  cerca del ventilador VES3007,BAC2,B550,10:22,11:50,Haciendo ramales del conducto 3048  cerca del ventilador VES3007,
10/02/2026,Investigando como se hacen ramales inclinados,BAC2,B550,11:50,14:08,Investigando como se hacen ramales inclinados,
10/02/2026,Investigando como se hacen ramales inclinados rectangulares,BAC2,B550,14:08,15:00,Investigando como se hacen ramales inclinados rectangulares,
10/02/2026,COMIDA,COM,GENERAL,15:00,15:30,COMIDA,
10/02/2026,Varios excel,PROG,GENERAL,15:30,16:03,Varios excel,
11/02/2026,Realización de ramales inclinados rectangulares,BAC2,B550,6:53,08:25,Realización de ramales inclinados rectangulares,
11/02/2026,Comprobacion de interferencias entre conducto *MPJ/3048 y demás elementos de bloque B550,BAC2,B550,8:25,09:47,Comprobacion de interferencias entre conducto *MPJ/3048 y demás elementos de bloque B550,
11/02/2026,Comprobacion de interferencias entre conducto *MPJ/3048 y demás elementos de bloque B550  B552 y B554,BAC2,B550  B552  B554,9:47,11:08,Comprobacion de interferencias entre conducto *MPJ/3048 y demás elementos de bloque B550  B552 y B554,
11/02/2026,Análisis de las interferencia que considero más graves para consultar con Miguel,BAC2,B550  B552  B554,11:08,11:18,Análisis de las interferencia que considero más graves para consultar con Miguel,
11/02/2026,Ver incidencias en Comparativa esquemas BAC-AAOR y modelo_2026-02-10.xls,BAC2,GENERAL,11:18,11:47,Ver incidencias en Comparativa esquemas BAC-AAOR y modelo_2026-02-10.xls,
11/02/2026,Reunión por Teams con Miguel  para aclaración de dudas,BAC2,B550  B552  B554,11:47,12:03,"Reunión por Teams con Miguel  para aclaración de dudas:
- Aclaraciones a las distintas incidencias surgidas. En el fichero word  aparece una nota en cada incidencia  para resolver y asegurar el trabajo realizado.",
11/02/2026,Resolución de incidencias reflejadas en el fichero word de acuerdo a comentarios de Miguel,BAC2,B550  B552  B554,12:03,13:47,Resolución de incidencias reflejadas en el fichero word de acuerdo a comentarios de Miguel,
11/02/2026,Aclaración de la incidencia P0085 en la penetración 81263963 y el conducto *MPJ que va a sustituir al 3048,BAC2,B550,13:47,13:51,Aclaración de la incidencia P0085 en la penetración 81263963 y el conducto *MPJ que va a sustituir al 3048,
11/02/2026,Resolución de incidencias reflejadas en el fichero word de acuerdo a comentarios de Miguel,BAC2,B550  B552  B554,13:51,13:57,Resolución de incidencias reflejadas en el fichero word de acuerdo a comentarios de Miguel,
11/02/2026,Resolución de la penetración P0149 entre conducto y forro,BAC2,B550  B552  B554,13:57,14:10,Resolución de la penetración P0149 entre conducto y forro,
11/02/2026,Aclaración de la incidencia P0154 entre conducto *MPJ y un soporte,BAC2,B550  B552  B554,14:10,15:00,Aclaración de la incidencia P0154 entre conducto *MPJ y un soporte,
11/02/2026,COMIDA,COM,GENERAL,15:00,15:30,COMIDA,
11/02/2026,Revisión de la incidencia P0254,BAC2,B550  B552  B554,15:30,16:00,Revisión de la incidencia P0254,
12/02/2026,AOYV,DES,GENERAL,6:56,07:01,AOYV,
12/02/2026,Modificación conducto *MPJ que va a sustituir a 3048 (no hizo falta tocar nada  ya estaba modificado),BAC2,B550  B552  B554,7:01,07:16,Modificación conducto *MPJ que va a sustituir a 3048 (no hizo falta tocar nada  ya estaba modificado),
12/02/2026,Varios,BAC2,B550  B552  B554,7:16,08:25,Varios,
12/02/2026,Varios,BAC2,B550  B552  B554,8:25,8:28,Varios,
12/02/2026,Reunión por  Teams con Sheila  para empezar zona 1,BAC2,B110,8:28,8:51,Reunión por  Teams con Sheila  para empezar zona 1  preparación de la excel  así como ir cargando los distintos bloques e  indicando sistema  linea etc.,
12/02/2026,Cumplimentación de datos de Zona 1 de acuerdo a la conversación de tarea anterior con Sheila,BAC2,B110  B130  B141  B151,8:51,15:00,Cumplimentación de datos de Zona 1 de acuerdo a la conversación de tarea anterior con Sheila,
12/02/2026,COMIDA,COM,GENERAL,15:00,15:30,COMIDA,
12/02/2026,Cumplimentación de datos de Zona 1 de acuerdo a la conversación de tarea anterior con Sheila,BAC2,B110  B130  B141  B151,15:30,16:01,Cumplimentación de datos de Zona 1 de acuerdo a la conversación de tarea anterior con Sheila ZC1,
13/02/2026,AOYV,DES,GENERAL,6:54,7:03,AOYV,
13/02/2026,Resolución problemas en excel,PROG,B151,7:03,7:27,Resolución de problemas en excel,
13/02/2026,Zona constructiva 1 B151,BAC2,B151,7:27,8:25,Zona constructiva 1 B151,
13/02/2026,Conversación por Teams con Sheila ZC1 en cámara máquinas,BAC2,B151,8:25,8:32,Conversación por Teams con Sheila ZC1 en cámara máquinas,
13/02/2026,Zona constructiva 1 B151,BAC2,B151,8:32,9:59,Zona constructiva 1 B151,
13/02/2026,Varios excel,PROG,B141  B151,9:59,10:46,Varios en excel,
2/13/2026,Zona constructiva 1 B141 B151,BAC2,B141  B151,10:46,11:30,Zona constructiva 1 B141 B151,
2/13/2026,Zona constructiva 1 B140,BAC2,B141  B151,11:30,11:36,Zona constructiva 1 B140,
2/13/2026,Varios excel,PROG,GENERAL,11:36,11:55,Varias macros excel,
2/13/2026,Reunión por Teams con Sheila,BAC2,B141  B151,11:55,12:03,Llamada para aclaración de los conductos marcados en amarillo en la hoja excel de revisión correspondiente a ZC1,
2/13/2026,Varios excel,PROG,GENERAL,12:03,12:08,Varios excel macros,
2/13/2026,Conversación Teams con Sheila  de acuerdo a comentarios en excel ZC1,PROG,B141  B151,12:08,12:15,Conversación Teams con Sheila  de acuerdo a comentarios en excel ZC1,
2/13/2026,Corrección de los puntos comentados con Sheila en la conversación anterior,BAC2,B141  B151,12:15,12:50,Conducto 4002 en B141. Conductos 2002  2004 en B151,
13/02/2026,Correción macro InsertarFechaEnCelda,PROG,GENERAL,12:50,12:58,Correción macro InsertarFechaEnCelda,
13/02/2026,Corrección de menú personalizado Ghenova MPJ en excel,PROG,GENERAL,12:58,13:30,Corrección de menú personalizado Ghenova MPJ en excel,
16/02/2026,Zona constructiva 1 B110 4701,BAC2,B110,6:54,07:33,Zona constructiva 1 B110 4701,
16/02/2026,Zona constructiva 1 B151 3044,BAC2,B151,7:33,07:59,Zona constructiva 1 B151 3044,
16/02/2026,Zona constructiva 3  B310 (no hay conductos),BAC2,B310,7:59,08:12,Zona constructiva 3  B310 (no hay conductos),
16/02/2026,Zona constructiva 3  B320,BAC2,B320,8:12,08:24,Zona constructiva 3  B320,
16/02/2026,Zona constructiva 3  B312 1002,BAC2,B312,8:24,09:00,Zona constructiva 3  B312 1002,
16/02/2026,Zona constructiva 3  B312 1003,BAC2,B312,9:00,09:02,Zona constructiva 3  B312 1003,
16/02/2026,Zona constructiva 3  B312 1004  1006  1007  1008  1009,BAC2,B312,9:02,09:14,Zona constructiva 3  B312 1004  1006  1007  1008  1009,
16/02/2026,Zona constructiva 3  B312 1010  1011  1012,BAC2,B312,9:14,09:17,Zona constructiva 3  B312 1010  1011  1012,
16/02/2026,Zona constructiva 3  B312 1013,BAC2,B312,9:17,09:19,Zona constructiva 3  B312 1013,
16/02/2026,Zona constructiva 3  B312 1015,BAC2,B312,9:19,09:35,Zona constructiva 3  B312 1015,
16/02/2026,Zona constructiva 1 revision comentarios Sheila,BAC2,B130,9:35,10:42,Zona constructiva 1 revisión comentarios Sheila,
16/02/2026,Zona constructiva 3  B312 1019  1020,BAC2,B312,10:42,11:00,Zona constructiva 3  B312 1019  1020,
16/02/2026,Reunión integración modelo 3D  varias disciplinas,BAC2,GENERAL,11:00,11:16,"- Cambios en estructura en zona 2(no afecta a HVAC).
- Zona 1  locales afectados. 5-68-0-V comprobación de existencia de registro en espacio vacio.",
16/02/2026,Zona constructiva 3  B312 1022,BAC2,B312,11:16,11:33,Zona constructiva 3  B312 1022,
16/02/2026,Zona constructiva 3  B312 1022,BAC2,B312,11:33,11:38,Zona constructiva 3  B312 1022,
16/02/2026,Zona constructiva 3  B312,BAC2,B312,11:38,12:56,Zona constructiva 3  B312,
16/02/2026,Zona constructiva 3  B311,BAC2,B311,12:56,13:50,Zona constructiva 3  B311,
16/02/2026,Varios excel,PROG,GENERAL,13:50,14:14,Varios excel,
16/02/2026,Zona constructiva 3,BAC2,B311  B312  B321,14:14,15:08,Zona constructiva 3,
16/02/2026,COMIDA,COM,GENERAL,15:08,15:38,COMIDA,
16/02/2026,Zona constructiva 3,BAC2,B321,15:38,16:01,Zona constructiva 3,
17/02/2026,AOYV,DES,GENERAL,6:52,07:00,AOYV,
17/02/2026,OCR a plano de disposición general,BAC2,GENERAL,7:00,07:16,OCR a plano de disposición general,
17/02/2026,Zona constructiva 3,BAC2,B320,7:16,07:30,Zona constructiva 3,
17/02/2026,Zona constructiva 3,BAC2,B311,7:30,08:11,Zona constructiva 3,
17/02/2026,CAB,DES,GENERAL,8:11,08:17,CAB,
17/02/2026,Comprobación de locales ZC3,BAC2,B311  B312  B320  B321,8:17,08:39,Comprobación de locales en ZC3,
17/02/2026,Varios excel,PROG,GENERAL,8:39,08:44,Varios Excel,
17/02/2026,CAB,DES,GENERAL,8:44,08:46,CAB,
17/02/2026,Varios excel,PROG,GENERAL,8:46,09:19,Varios Excel,
17/02/2026,Vistazo a la lista de locales  y comprobación de comentarios en ZC3,BAC2,B311  B312  B320  B321,9:19,09:44,Vistazo a la lista de locales  y comprobación de comentarios en ZC3,
17/02/2026,Reunión por Teams con Sheila,BAC2,GENERAL,9:44,09:50,"- Revisará ZC3.
- Reviso ZC5  los bloques B520  B521  B531",
17/02/2026,CAB,DES,GENERAL,9:50,09:54,CAB,
17/02/2026,Zona constructiva ZC5 B520,BAC2,B520,9:54,10:32,Zona constructiva ZC5 B520,
17/02/2026,Comprobación de locales ZC3,BAC2,B311,10:32,11:01,Comprobación de locales ZC3,
17/02/2026,CAB,DES,GENERAL,11:01,11:03,CAB,
17/02/2026,CAB,DES,GENERAL,11:03,11:06,CAB,
17/02/2026,Comprobación de locales ZC3,BAC2,B321,11:06,12:21,Comprobación de locales ZC3,
17/02/2026,CAB,DES,GENERAL,12:21,12:28,CAB,
17/02/2026,Zona constructiva ZC5 B520,BAC2,B520,12:28,12:35,Zona constructiva ZC5 B520,
17/02/2026,Ciberseguridad píldora #2,INT,GENERAL,12:35,12:40,Ciberseguridad píldora #2,
17/02/2026,Zona constructiva ZC5 B520,BAC2,B520,12:40,13:28,Zona constructiva ZC5 B520,
17/02/2026,CAB,DES,GENERAL,13:28,13:30,CAB,
17/02/2026,Zona constructiva ZC5 B520,BAC2,B520,13:30,14:18,Zona constructiva ZC5 B520,
17/02/2026,CAB,DES,GENERAL,14:18,14:29,CAB,
17/02/2026,Zona constructiva ZC5 B520,BAC2,B520,14:29,14:51,Zona constructiva ZC5 B520,
17/02/2026,CAB,DES,GENERAL,14:51,14:52,CAB,
17/02/2026,Zona constructiva ZC5 B520,BAC2,B520,14:52,15:00,Zona constructiva ZC5 B520,
17/02/2026,COMIDA,COM,GENERAL,15:00,15:31,COMIDA,
17/02/2026,Zona constructiva ZC5 B520,BAC2,B520,15:31,15:39,Zona constructiva ZC5 B520,
17/02/2026,CAB,DES,GENERAL,15:39,15:40,CAB,
17/02/2026,Zona constructiva ZC5 B520,BAC2,B520,15:40,15:48,Zona constructiva ZC5 B520,
17/02/2026,Varios excel,PROG,GENERAL,15:48,16:01,Varios excel,
18/02/2026,AOYV,DES,GENERAL,6:55,07:08,AOYV,
18/02/2026,Zona constructiva ZC5 B520,BAC2,B520,7:08,07:12,Zona constructiva ZC5 B520,
18/02/2026,Zona constructiva ZC5 B521,BAC2,B521,7:12,07:15,Zona constructiva ZC5 B521,
18/02/2026,CAB,DES,GENERAL,7:15,07:17,CAB,
18/02/2026,Zona constructiva ZC5 B521 carga del bloque,BAC2,B521,7:17,07:42,Zona constructiva ZC5 B521 carga del bloque,
18/02/2026,Zona constructiva ZC5 B521,BAC2,B521,7:42,08:23,Zona constructiva ZC5 B521,
18/02/2026,CAB,DES,GENERAL,8:23,08:28,CAB,
18/02/2026,Zona constructiva ZC5 B521,BAC2,B521,8:28,10:05,Zona constructiva ZC5 B521,
18/02/2026,CAB,DES,GENERAL,10:05,10:09,CAB,
18/02/2026,Zona constructiva ZC5 B521,BAC2,B521,10:09,10:56,Zona constructiva ZC5 B521,
18/02/2026,Reunión Teams con Sheila,BAC2,B521,10:56,11:02,Comentarios acerca de conducto VEN4211 porque donde acaba  empata en un plenum estructural,
18/02/2026,Zona constructiva ZC5 B521,BAC2,B521,11:02,11:03,Zona constructiva ZC5 B521,
18/02/2026,CAB,DES,GENERAL,11:03,11:10,CAB,
18/02/2026,Zona constructiva ZC5 B521,BAC2,B521,11:10,12:29,Zona constructiva ZC5 B521,
18/02/2026,CAB,DES,GENERAL,12:29,12:31,CAB,
18/02/2026,Zona constructiva ZC5 B521,BAC2,B521,12:31,12:59,Zona constructiva ZC5 B521,
18/02/2026,Se bloqueó la sesión de Omnissa en Navantia,BAC2,GENERAL,12:59,14:15,"Se bloqueó la sesión de Omnissa en Navantia.
- Se prueba a entrar desde navegador web (no funciona)",
18/02/2026,Macros de excel mientras no solucionen problemas de acceso a Omnissa,PROG,GENERAL,14:15,14:54,Macros de excel mientras no solucionen problemas de acceso a Omnissa,
18/02/2026,Zona constructiva ZC5 B521,BAC2,B521,14:54,15:00,Zona constructiva ZC5 B521,
18/02/2026,COMIDA,COM,GENERAL,15:00,15:30,COMIDA,
18/02/2026,Zona constructiva ZC5 B521,BAC2,B521,15:30,16:02,Zona constructiva ZC5 B521,
19/02/2026,AOYV,DES,GENERAL,6:52,6:56,AOYV,
19/02/2026,CAB,DES,GENERAL,6:56,07:07,CAB,
19/02/2026,Zona constructiva ZC5 B521,BAC2,B521,7:07,07:17,Zona constructiva ZC5 B521,
19/02/2026,Zona constructiva ZC5 B521,BAC2,B521,7:17,7:45,Zona constructiva ZC5 B521,
19/02/2026,CAB,DES,GENERAL,7:45,07:50,CAB,
19/02/2026,Zona constructiva ZC5 B521,BAC2,B521,7:50,08:55,Zona constructiva ZC5 B521,
19/02/2026,CAB,DES,GENERAL,8:55,08:57,CAB,
19/02/2026,Zona constructiva ZC5 B521,BAC2,B521,8:57,09:27,Zona constructiva ZC5 B521,
19/02/2026,Zona constructiva ZC5 B531 copia de líneas a excel,PROG,B531,9:27,10:07,Zona constructiva ZC5 B531 copia de líneas a excel,
19/02/2026,Zona constructiva ZC5 B531,BAC2,B531,10:07,12:18,Zona constructiva ZC5 B531,
19/02/2026,Reunión Teams con Sheila,BAC2,B531,12:18,12:22,Consulta acerca de por donde pasa el conducto ACO4113  en el modelo 3D está completamente en el B531  mientras en el plano de disposición general hace indicación a B520 y B531. El correcto es el modelo 3D,
19/02/2026,Zona constructiva ZC5 B531,BAC2,B531,12:22,12:30,Zona constructiva ZC5 B531,
19/02/2026,Macro para abrir excel Comparativa esquemas BAC-AAOR y modelo_2026-02-10,PROG,B531,12:30,12:34,Macro para abrir excel Comparativa esquemas BAC-AAOR y modelo_2026-02-10,
19/02/2026,Zona constructiva ZC5 B531,BAC2,B531,12:34,13:53,Zona constructiva ZC5 B531,
19/02/2026,CAB,DES,GENERAL,13:53,14:04,CAB,
19/02/2026,Zona constructiva ZC5 B531,BAC2,B531,14:04,15:00,Zona constructiva ZC5 B531,
2/19/2026,COMIDA,COM,GENERAL,15:00,15:30,COMIDA,
19/02/2026,Zona constructiva ZC5 B531,BAC2,B531,15:30,16:02,Zona constructiva ZC5 B531,
20/02/2026,AOYV,DES,GENERAL,6:48,06:56,AOYV,
20/02/2026,Zona constructiva ZC5 B531,BAC2,B531,6:56,7:38,Zona constructiva ZC5 B531,
20/02/2026,CAB,DES,GENERAL,7:38,07:43,CAB,
20/02/2026,Zona constructiva ZC5 B531,BAC2,B531,7:43,8:18,Zona constructiva ZC5 B531,
20/02/2026,CAB,DES,GENERAL,8:18,08:25,CAB,
20/02/2026,Zona constructiva ZC5 B531,BAC2,B531,8:25,10:27,Zona constructiva ZC5 B531,
20/02/2026,Zona constructiva ZC5 B531,BAC2,B531,10:27,10:38,Zona constructiva ZC5 B531,
20/02/2026,CAB,DES,GENERAL,10:38,10:40,CAB,
20/02/2026,Zona constructiva ZC5 B531,BAC2,B531,10:40,13:18,Zona constructiva ZC5 B531,
23/02/2026,AOYV,DES,GENERAL,6:55,07:20,AOYV,
23/02/2026,Zona constructiva ZC5 B531,BAC2,B531,7:20,7:26,Zona constructiva ZC5 B531,
23/02/2026,CAB,DES,GENERAL,7:26,07:32,CAB,
23/02/2026,Zona constructiva ZC5 B531,BAC2,B531,7:32,8:38,Zona constructiva ZC5 B531,
23/02/2026,CAB,DES,GENERAL,8:38,8:42,CAB,
23/02/2026,Zona constructiva ZC5 B531,BAC2,B531,8:42,10:27,Zona constructiva ZC5 B531,
23/02/2026,CAB,DES,GENERAL,10:27,10:30,CAB,
23/02/2026,Zona constructiva ZC5 B531,BAC2,B531,10:30,11:00,Zona constructiva ZC5 B531,
23/02/2026,Reunión del modelo 3D BAC,BAC2,GENERAL,11:00,11:17,"Reunión del modelo 3D BAC
- 4-68-0-E ver si lleva HVAC (en la popa de cra maquinas)
- Viernes 27/02/26 puerta calidad zona 2.",
23/02/2026,Zona constructiva ZC5 B531,BAC2,B531,11:17,13:29,Zona constructiva ZC5 B531,
23/02/2026,Zona constructiva ZC5 B520,BAC2,B520,13:29,14:31,Zona constructiva ZC5 B520,
23/02/2026,CAB,DES,GENERAL,14:31,14:35,CAB,
23/02/2026,Zona constructiva ZC5 B520,BAC2,B520,14:35,15:01,Zona constructiva ZC5 B520,
23/02/2026,COMIDA,COM,GENERAL,15:01,15:31,COMIDA,
23/02/2026,Zona constructiva ZC5 B521,BAC2,B521,15:31,16:01,Zona constructiva ZC5 B521,
24/02/2026,AOYV,DES,GENERAL,6:55,07:12,AOYV,
24/02/2026,Zona constructiva ZC5 B521,BAC2,B521,7:12,7:45,Zona constructiva ZC5 B521,
24/02/2026,CAB,DES,GENERAL,7:45,07:50,CAB,
24/02/2026,Zona constructiva ZC5 B521,BAC2,B521,7:50,9:11,Zona constructiva ZC5 B521,
24/02/2026,CAB,DES,GENERAL,9:11,09:14,CAB,
24/02/2026,Zona constructiva ZC5 B521,BAC2,B521,9:14,09:55,Zona constructiva ZC5 B521,
24/02/2026,Zona constructiva ZC5 B531,BAC2,B531,9:55,10:30,Zona constructiva ZC5 B531,
24/02/2026,CAB,DES,GENERAL,10:30,10:32,CAB,
24/02/2026,Zona constructiva ZC5 B531,BAC2,B531,10:32,11:29,Zona constructiva ZC5 B531,
24/02/2026,CAB,DES,GENERAL,11:29,11:32,CAB,
24/02/2026,Zona constructiva ZC5 B531,BAC2,B531,11:32,12:05,Zona constructiva ZC5 B531,
24/02/2026,Ciberseguridad píldora #3,INT,GENERAL,12:05,12:11,Ciberseguridad píldora #3,
24/02/2026,Zona constructiva ZC5 B531,BAC2,B531,12:11,13:40,Zona constructiva ZC5 B531,
24/02/2026,Zona constructiva ZC5 revisión general,BAC2,B520  B521  B531,13:40,13:45,Zona constructiva ZC5,
24/02/2026,CAB,DES,GENERAL,13:45,13:53,CAB,
24/02/2026,Zona constructiva ZC5 revisión general,BAC2,B520  B521  B531,13:53,14:01,Zona constructiva ZC5,
24/02/2026,Manual Foran,MAN,GENERAL,14:01,15:00,Manual Foran,
24/02/2026,COMIDA,COM,GENERAL,15:00,15:30,COMIDA,
24/02/2026,Manual Foran,MAN,GENERAL,15:30,16:00,Manual Foran,
2/25/2026,AOYV,DES,GENERAL,6:51,06:59,AOYV,
2/25/2026,Zona constructiva ZC5 revisión general,BAC2,B520  B521  B531,6:59,7:12,Zona constructiva ZC5,
25/02/2026,CAB,DES,GENERAL,7:12,7:19,CAB,
25/02/2026,Zona constructiva ZC6 revisión general,BAC2,B610  B620  B621  B623,7:19,8:30,Zona constructiva ZC6,
25/02/2026,Preparación ZC5 para revisión con Sheila,BAC2,B520,8:30,08:42,Preparación ZC5 para revisión con Sheila,
25/02/2026,Reunión por Teams con Sheila,BAC2,B520  B521  B531,8:42,8:52,Revisión de conductos marcados en amarillo en ZC5  comparándolos con los del AAOR y modelo 3d para ver si están igual,
25/02/2026,Revisión de conductos marcados en amarillo en ZC5,BAC2,B520,8:52,08:55,Revisión de conductos marcados en amarillo en ZC5  comparar con AAOR y dejar reflejado en excel,
25/02/2026,CAB,DES,GENERAL,8:55,09:01,CAB,
25/02/2026,Revisión de conductos marcados en amarillo en ZC5,BAC2,B520,9:01,09:34,Revisión de conductos marcados en amarillo en ZC5  comparar con AAOR y dejar reflejado en excel. B520,
25/02/2026,Revisión de conductos marcados en amarillo en ZC5,BAC2,B521,9:34,9:39,Revisión de conductos marcados en amarillo en ZC5  comparar con AAOR y dejar reflejado en excel. B521,
25/02/2026,CAB,DES,GENERAL,9:39,09:47,CAB,
25/02/2026,Revisión de conductos marcados en amarillo en ZC5,BAC2,B521,9:47,09:58,Revisión de conductos marcados en amarillo en ZC5  comparar con AAOR y dejar reflejado en excel. B521,
25/02/2026,Revisión de conductos marcados en amarillo en ZC5,BAC2,B531,9:58,10:48,Revisión de conductos marcados en amarillo en ZC5  comparar con AAOR y dejar reflejado en excel. B531,
25/02/2026,Zona constructiva ZC6 revisión general,BAC2,B610  B620  B621  B623,10:48,10:58,Zona constructiva ZC6,
25/02/2026,CAB,DES,GENERAL,10:58,11:10,CAB,
25/02/2026,Zona constructiva ZC6 revisión general,BAC2,B610  B620  B621  B623,11:10,11:27,Zona constructiva ZC6,
25/02/2026,Fallo sesión Omnissa Navantia,BAC2,GENERAL,11:27,11:39,Fallo sesión Omnissa Navantia,
25/02/2026,Reunión con Sheila por Teams,BAC2,B520,11:39,11:48,Se ve con Sheila  el comentario de linea nueva para conducto NBQ3948  que aparece en el modelo 3D  pero no aparece en el diagrama BAC. Finalmente se deja como está,
25/02/2026,Revision modelo funcional ZC6 ZF1,BAC2,B610  B620  B621  B623,11:48,13:13,Revision modelo funcional ZC6 ZF1,
25/02/2026,CAB,DES,GENERAL,13:13,13:17,CAB,
25/02/2026,Revision modelo funcional ZC6 ZF1,BAC2,B610  B620  B621  B623,13:17,13:39,Revision modelo funcional ZC6 ZF1,
25/02/2026,CAB,DES,GENERAL,13:39,13:51,CAB,
25/02/2026,Revision modelo funcional ZC6 ZF1,BAC2,B610  B620  B621  B623,13:51,15:00,Revision modelo funcional ZC6 ZF1,
25/02/2026,COMIDA,COM,GENERAL,15:00,15:30,COMIDA,
25/02/2026,Revision modelo funcional ZC6 ZF1,BAC2,B610  B620  B621  B623,15:30,16:00,Revision modelo funcional ZC6 ZF1,
26/02/2026,AOYV,DES,GENERAL,6:52,07:18,AOYV,
26/02/2026,Revision modelo funcional ZC6 ZF1,BAC2,B610  B620  B621  B623,7:18,7:39,Revision modelo funcional ZC6 ZF1,
26/02/2026,CAB,DES,GENERAL,7:39,7:41,CAB,
26/02/2026,Varios excel,PROG,GENERAL,7:41,08:24,Varios excel,
26/02/2026,Revision modelo funcional ZC6 ZF1,BAC2,B610  B620  B621  B623,8:24,9:48,Revision modelo funcional ZC6 ZF1,
26/02/2026,CAB,DES,GENERAL,9:48,9:52,CAB,
26/02/2026,Revision modelo funcional ZC6 ZF1,BAC2,B610  B620  B621  B623,9:52,10:17,Revision modelo funcional ZC6 ZF1,
26/02/2026,OCR a pdf de la zona de fuego 1 del BAC (por la ZC6),INT,GENERAL,10:17,10:29,OCR a pdf de la zona de fuego 1 del BAC (por la ZC6),
26/02/2026,OCR a pdf de la zona de fuego 1 del AAOR (por la ZC6),INT,GENERAL,10:29,10:37,OCR a pdf de la zona de fuego 1 del AAOR (por la ZC6),
26/02/2026,Revision modelo funcional ZC6 ZF1,BAC2,B610  B620  B621  B623,10:37,11:13,Revision modelo funcional ZC6 ZF1,
26/02/2026,Comprobaciones iniciales en sesión Navantia para nuevo proyecto,BLOR,GENERAL,11:13,11:21,"Comprobaciones iniciales en sesión Navantia para nuevo proyecto:
- Funcionamiento de windchill para BLOR.
- Funcionamiento de FDESIGN para HVAC.",
26/02/2026,CAB,DES,GENERAL,11:21,11:28,CAB,
26/02/2026,Vistazo inicial a FDESIGN,BLOR,GENERAL,11:28,11:40,Vistazo inicial a FDESIGN,
26/02/2026,Manual FDesign HVAC,MAN,GENERAL,11:40,12:56,Manual FDesign HVAC,
26/02/2026,Revision modelo funcional ZC6 ZF1,BAC2,B610  B620  B621  B623,12:56,14:40,Revision modelo funcional ZC6 ZF1,
26/02/2026,CAB,DES,GENERAL,14:40,14:50,CAB,
26/02/2026,Revision modelo funcional ZC6 ZF1,BAC2,B610  B620  B621  B623,14:50,15:00,Revision modelo funcional ZC6 ZF1,
26/02/2026,COMIDA,COM,GENERAL,15:00,15:30,COMIDA,
26/02/2026,Revision modelo funcional ZC6 ZF1,BAC2,B610  B620  B621  B623,15:30,16:00,Revision modelo funcional ZC6 ZF1,
27/02/2026,AOYV,DES,GENERAL,6:31,06:52,AOYV,
27/02/2026,Creación macro HSV,PROG,GENERAL,6:52,07:57,Creación macro HSV,
27/02/2026,Revision modelo funcional ZC6 ZF1,BAC2,B610  B620  B621  B623,7:57,8:58,Revision modelo funcional ZC6 ZF1,
27/02/2026,CAB,DES,GENERAL,8:58,09:01,CAB,
27/02/2026,Revision modelo funcional ZC6 ZF1,BAC2,B610  B620  B621  B623,9:01,09:50,Revision modelo funcional ZC6 ZF1,
27/02/2026,Revision modelo funcional ZC6 ZF1 Nivel 04,BAC2,B610  B620  B621  B623,9:50,10:13,Revision modelo funcional ZC6 ZF1 Nivel 04,
27/02/2026,CAB,DES,GENERAL,10:13,10:22,CAB,
27/02/2026,Revision modelo funcional ZC6 ZF1 Nivel 04,BAC2,B610  B620  B621  B623,10:22,10:59,Revision modelo funcional ZC6 ZF1 Nivel 04,
27/02/2026,CAB,DES,GENERAL,10:59,11:03,CAB,
27/02/2026,Revision modelo funcional ZC6 ZF1 Nivel 04,BAC2,B610  B620  B621  B623,11:03,11:19,Revision modelo funcional ZC6 ZF1 Nivel 04,
27/02/2026,Varios excel,PROG,GENERAL,11:19,12:15,Varios excel,
27/02/2026,CAB,DES,GENERAL,12:15,12:35,CAB,
27/02/2026,Varios excel,PROG,GENERAL,12:35,13:06,Varios excel,
02/03/2026,AOYV,DES,GENERAL,6:54,07:11,AOYV,
02/03/2026,Revision modelo funcional ZC6 ZF1 cumplimentación excel,PROG,B610  B620  B621  B623,7:11,07:56,Revision modelo funcional ZC6 ZF1 cumplimentación excel,
02/03/2026,CAB,DES,GENERAL,7:56,08:04,CAB,
02/03/2026,Revision modelo funcional ZC6 ZF1 cumplimentación excel,PROG,B610  B620  B621  B623,8:04,9:23,Revision modelo funcional ZC6 ZF1 cumplimentación excel,
02/03/2026,CAB,DES,GENERAL,9:23,9:29,CAB,
02/03/2026,Revision modelo funcional ZC6 ZF1 cumplimentación excel,PROG,B610  B620  B621  B623,9:29,09:52,Revision modelo funcional ZC6 ZF1 cumplimentación excel,
02/03/2026,Reinicio ordenador para permisos nuevo proyecto,BLOR,GENERAL,9:52,09:58,Reinicio ordenador para permisos nuevo proyecto,
02/03/2026,Varios proyecto,BLOR,GENERAL,9:58,11:00,"Varios  indexación de carpeta de proyecto
-Indexación de carpeta de proyecto.
-Revisión de estandar de HVAC.",
02/03/2026,Reunión del modelo 3D BAC,BAC2,GENERAL,11:00,11:31,"Hoy puerta calidad zona 2.
Lote 1 CT  Lote 2  pendiente de adjudicación.
Próxima zona para puerta de calidad  zona 5.
Zona 1: Amarillo suave Espacio vacío N6  va a ser inaccesible.
En amarillo  Local de cuadros principal N2  dar posición de alimentación de cables.
Cámara de máquinas principal  situación bomba de refrigeración de agua salada (no HVAC)  intercambiadores de calor más grandes, enfriador de aceite no vale  cambian las conexiones, nueva disposición de varios cuadros  incluso todos en uno, par de equipos actualizándose. Conexiones admisiones de los motores cambian.
Faltan 21 equipos de HVAC  que todavía no se saben donde van.",
02/03/2026,Varios proyecto,BLOR,GENERAL,11:31,12:31,"Varios  indexación de carpeta de proyecto
-Revisión de estandar de HVAC.",
02/03/2026,Macro para abrir los estándares de HVAC en BLOR,PROG,GENERAL,12:31,12:36,Macro para abrir los estándares de HVAC en BLOR,
02/03/2026,Revision modelo funcional ZC6 ZF1 cumplimentación excel,PROG,B610  B620  B621  B623,12:36,13:33,Revision modelo funcional ZC6 ZF1 cumplimentación excel,
02/03/2026,Cambio de contraseña y reinicio de todos los sistemas,INT,GENERAL,13:33,13:53,Cambio de contraseña y reinicio de todos los sistemas,
02/03/2026,Acceso al nuevo escritorio de Navantia UK  con Windows App,INT,GENERAL,13:53,15:00,Acceso al nuevo escritorio de Navantia UK  con Windows App,
02/03/2026,COMIDA,COM,GENERAL,15:00,15:30,COMIDA,
02/03/2026,Vistazo nuevo escritorio de Navantia UK  a través de Windows app,INT,GENERAL,15:30,16:01,Vistazo nuevo escritorio de Navantia UK  a través de Windows app,
03/03/2026,AOYV,DES,GENERAL,6:51,07:05,AOYV y sesión en Navantia UK en Windows App,
03/03/2026,Varios,DES,GENERAL,7:05,07:34,Varios,
03/03/2026,OCR a estándares HVAC del BLOR,BLOR,GENERAL,7:34,08:14,OCR a estándares HVAC del BLOR,
03/03/2026,"Revisión de documentación:
-Disposición general.",BLOR,GENERAL,8:14,08:47,"Revisión de documentación:
-Disposición general.",
03/03/2026,"Revisión de documentación:
-Estándares de HVAC",BLOR,GENERAL,8:47,9:16,"Revisión de documentación:
-Estándares de HVAC",
03/03/2026,Reunión por Teams con Ángel Figueroa (RT proyecto),BLOR,GENERAL,9:16,9:27,"Presentación de Ángel Figueroa.
-Trabajo en el proyecto BLOR.
-Ver estándares de HVAC hasta nueva orden.
-Coordinación con Miguel.
-Roles en el proyecto.
-Vistazo a la carpeta AFP_BLOR",
03/03/2026,"Revisión de documentación:
-Estándares de HVAC",BLOR,GENERAL,9:27,10:59,Revisión de estándares de HVAC,
3/3/2026,Reunión Teams Ángel  Miguel y yo,BLOR,GENERAL,10:59,11:29,"-OTs para HVAC. Subió  Miguel una excel con ello.
-Modelo 3D. Ver tareas necesarias con Miguel.
-PDR a final de mes (puerta de calidad).
-Definición de rejillas.
-Nombramiento de líneas.
-Reunión de Ángel con Miguel  para entregar estándar el viernes.
-Quitar la hoja de los pasantes al fuego.
-No hay definidas cubiertas al fuego.
-VER LO QUE ES BRAZOLA.
-La parte que del estándar no se va a usar, no se incluye.
-Salidas de ventilación(todas) tienen rejillas orientables  son rejillas cooler serie 100.
-AOBD-102-E.
-TDS. Technical data sheet?
-Revisar nosotros el balance eléctrico.
-Instrumentación-->Sensores de temperatura. El resto los pone el cliente.
-Cruzar listados de equipos con Miguel.
-Miguel hará la TDS.",
03/03/2026,CAB,DES,GENERAL,11:29,11:42,CAB,
03/03/2026,Continuación con la lectura de especificación 589B-0514200001Z_Accesorios  conductos y soportación de HVAC,BLOR,GENERAL,11:42,11:55,Continuación con la lectura de especificación 589B-0514200001Z_Accesorios  conductos y soportación de HVAC,
03/03/2026,Reunión con Miguel por Teams,BLOR,GENERAL,11:55,12:11,Comparación de elementos del buque original con el BLOR.,
03/03/2026,CAB,DES,GENERAL,12:11,12:22,CAB,
03/03/2026,Comparación de equipos de excel en buque original con el nuevo BLOR,PROG,GENERAL,12:22,13:26,Comparación de equipos de excel en buque original con el nuevo BLOR. BUQUE ORIGINAL--->BLOR,
03/03/2026,Ciberseguridad píldora #4,INT,GENERAL,13:26,13:41,Ciberseguridad píldora #4 ingeniería social,
03/03/2026,Comparación de equipos de excel en buque original con el nuevo BLOR,PROG,GENERAL,13:41,13:50,Comparación de equipos de excel en buque original con el nuevo BLOR. BUQUE ORIGINAL--->BLOR,
03/03/2026,Continuación con la lectura de especificación 589B-0514200001Z_Accesorios  conductos y soportación de HVAC,BLOR,GENERAL,13:50,14:17,Continuación con la lectura de especificación 589B-0514200001Z_Accesorios  conductos y soportación de HVAC,
03/03/2026,CAB,DES,GENERAL,14:17,14:25,CAB,
03/03/2026,Continuación con la lectura de especificación 589B-0514200001Z_Accesorios  conductos y soportación de HVAC,BLOR,GENERAL,14:25,15:00,Continuación con la lectura de especificación 589B-0514200001Z_Accesorios  conductos y soportación de HVAC,
03/03/2026,COMIDA,COM,GENERAL,15:00,15:30,COMIDA,
03/03/2026,Reunión por Teams con Miguel,BLOR,GENERAL,15:30,15:48,"Reunión por Teams:
-En Recuento líneas BLOR (teams) chequear la segunda hoja  donde  se han de comprobar todos los apartados de dicha hoja (Nº linea).
-Reflejar en que bloque están las distintas lineas, si mal no recuerdo  Miguel añadirá una columna para tal fin.
-En email tengo el ""plano"" con la disposición de bloques BLOR. Recordar que se trabaja en los bloques que hacen T  tanto en proa como en popa",
03/03/2026,Chequeo de Recuento lineas BLOR (en compartida de teams dentro de HVAC diagram),BLOR,GENERAL,15:48,16:01,"Chequeo de Recuento lineas BLOR (en compartida de teams dentro de HVAC diagram)  donde se comprueba la hoja ""Nº Linea"" y que todo esté ok. Comprobación entre excel y diagrama existente dentro de la carpeta compartida ""HVAC Diagram""",
04/03/2026,AOYV,DES,GENERAL,6:49,6:55,AOYV,
04/03/2026,CAB,DES,GENERAL,6:55,07:01,CAB,
04/03/2026,Chequeo de Recuento lineas BLOR (en compartida de teams dentro de HVAC diagram),BLOR,GENERAL,7:01,08:21,"Chequeo de Recuento lineas BLOR (en compartida de teams dentro de HVAC diagram)  donde se comprueba la hoja ""Nº Linea"" y que todo esté ok. Comprobación entre excel y diagrama existente dentro de la carpeta compartida ""HVAC Diagram""",
04/03/2026,CAB,DES,GENERAL,8:21,08:28,CAB,
04/03/2026,Chequeo de Recuento lineas BLOR (en compartida de teams dentro de HVAC diagram),BLOR,GENERAL,8:28,8:31,"Chequeo de Recuento lineas BLOR (en compartida de teams dentro de HVAC diagram)  donde se comprueba la hoja ""Nº Linea"" y que todo esté ok. Comprobación entre excel y diagrama existente dentro de la carpeta compartida ""HVAC Diagram""",
04/03/2026,Reunión Teams con Miguel,BLOR,GENERAL,8:31,8:34,"Aclaración de posición de planos de una cubierta con otra.
La cubierta 12 es la superior  y hacia abajo  disminuye el número de cubierta  al revés que en España",
04/03/2026,Chequeo de Recuento lineas BLOR (en compartida de teams dentro de HVAC diagram),BLOR,GENERAL,8:34,10:35,"Chequeo de Recuento lineas BLOR (en compartida de teams dentro de HVAC diagram)  donde se comprueba la hoja ""Nº Linea"" y que todo esté ok. Comprobación entre excel y diagrama existente dentro de la carpeta compartida ""HVAC Diagram""",
04/03/2026,CAB,DES,GENERAL,10:35,10:41,CAB,
04/03/2026,Recuento de líneas en Excel,PROG,GENERAL,10:41,11:10,Recuentos de líneas en excel,
04/03/2026,CAB,DES,GENERAL,11:10,11:16,CAB,
04/03/2026,Recuento de líneas en Excel,PROG,GENERAL,11:16,13:02,Recuentos de líneas en excel,
04/03/2026,CAB,DES,GENERAL,13:02,13:05,CAB,
04/03/2026,Recuento de líneas en Excel,PROG,GENERAL,13:05,13:18,Recuentos de líneas en excel,
04/03/2026,Varios Excel,PROG,GENERAL,13:18,13:23,Varios excel,
04/03/2026,Continuación con la lectura de especificación 589B-0514200001Z_Accesorios  conductos y soportación de HVAC,BLOR,GENERAL,13:23,13:35,Continuación con la lectura de especificación 589B-0514200001Z_Accesorios  conductos y soportación de HVAC,
04/03/2026,OCR a documento pdf,INT,GENERAL,13:35,14:00,OCR a documento pdf de 315 páginas,
04/03/2026,Recuperación de excel en el historial de versiones,PROG,GENERAL,14:00,14:13,Recuperación de excel en el historial de versiones,
04/03/2026,Personalización Foran en escritorio Navantia UK,NAV,GENERAL,14:13,14:53,Personalización Foran en escritorio Navantia UK,
04/03/2026,Reunión Teams con Miguel,BLOR,GENERAL,14:53,15:00,Aclaración de dudas en la excel cumplimentada y respecto al Agresso para registro de horas,
04/03/2026,COMIDA,COM,GENERAL,15:00,15:30,COMIDA,
04/03/2026,Varios Word,INT,GENERAL,15:30,16:01,Varios Word  número total de páginas en Manual Foran dan problemas porque tiene un número mayor al número total real de páginas,
05/03/2026,AOYV,DES,GENERAL,6:42,6:47,AOYV,
05/03/2026,CAB,DES,GENERAL,6:47,6:51,CAB,
05/03/2026,Varios Word,INT,GENERAL,6:51,7:00,Varios Word  número total de páginas en Manual Foran dan problemas porque tiene un número mayor al número total real de páginas,
05/03/2026,Varios BLOR en Foran,BLOR,GENERAL,7:00,7:01,Varios BLOR en Foran,
05/03/2026,CAB,DES,GENERAL,7:01,07:04,CAB,
05/03/2026,Varios excel,PROG,GENERAL,7:04,8:13,Varios Excel,
05/03/2026,Cotejo de conductos en Excel,PROG,GENERAL,8:13,15:04,"Se realiza un cotejo de conductos en excel:
- Se comprueba las medidas de los conductos modelados con los conductos en el plano, tal que  si hay variación en la velocidad  por muy alta o por muy baja  se detecte y se avise a Miguel",
05/03/2026,COMIDA,COM,GENERAL,15:04,15:35,COMIDA,
05/03/2026,Reunión Teams con Miguel,BLOR,GENERAL,15:35,15:47,Vistazo a lo realizado hasta ahora en excel. Continuar como está ahora,
05/03/2026,Cotejo de conductos en Excel,PROG,GENERAL,15:47,16:03,"Se realiza un cotejo de conductos en excel:
- Se comprueba las medidas de los conductos modelados con los conductos en el plano, tal que  si hay variación en la velocidad  por muy alta o por muy baja  se detecte y se avise a Miguel",
06/03/2026,AOYV,DES,GENERAL,6:30,06:39,AOYV,
06/03/2026,Cotejo de conductos en Excel,PROG,GENERAL,6:39,07:42,Cotejo de las distintas lineas del BLOR en excel   para posterior cálculo velocidad  caudales reales  etc,
06/03/2026,CAB,DES,GENERAL,07:42,7:49,CAB,
06/03/2026,Cotejo de conductos en Excel,PROG,GENERAL,7:49,8:44,Cotejo de conductos en Excel,
06/03/2026,CAB,DES,GENERAL,8:44,8:49,CAB,
06/03/2026,Cotejo de conductos en Excel,PROG,GENERAL,8:49,10:06,Cotejo de conductos en Excel,
06/03/2026,Cotejo de conductos en Excel,PROG,GENERAL,10:06,10:08,Cotejo de conductos 1201-1202-1203-1204-1205-1206,
06/03/2026,CAB,DES,GENERAL,10:08,10:11,CAB,
06/03/2026,Cotejo de conductos en Excel,PROG,GENERAL,10:11,10:52,Cotejo de conductos 1201-1202-1203-1204-1205-1206,
06/03/2026,CAB,DES,GENERAL,10:52,10:57,CAB,
06/03/2026,Cotejo de conductos en Excel,PROG,GENERAL,10:57,11:33,Cotejo de conductos 1201-1202-1203-1204-1205-1206,
06/03/2026,CAB,DES,GENERAL,11:33,11:35,CAB,
06/03/2026,Cotejo de conductos en Excel,PROG,GENERAL,11:35,12:41,Cotejo de conductos 1601-1602-1603-1604-1605-1606-1607-1608,
06/03/2026,Varios excel,PROG,GENERAL,12:41,13:00,Varios Excel,
09/03/2026,AOYV,DES,GENERAL,6:48,7:01,AOYV,
09/03/2026,Cotejo de conductos en Excel,PROG,GENERAL,7:01,10:00,Cotejo de conductos 1608-22XX-23XX-24XX,
09/03/2026,Reunión Teams con Ángel y Miguel para ver avance HVAC,BLOR,GENERAL,10:00,10:39,"Reunión Teams con Ángel y Miguel para ver avance HVAC
-Avances.
-B101 B112 B122 B302 sin lineas
-B311 y B321 va a haber lineas.
-Declarar líneas que faltan.
-Metros de conductos en distintos bloques  cuando acabe con lo que estoy.
-Explicación de la Excel cumplimentada con cálculos de V y Q.
-Ventiladores  todos de 60 Hz (se piden variadores)<--Electricidad.
-Conductos de HVAC en bloques inferiores  algunos han cambiado de bloque.",
09/03/2026,Cotejo de conductos en Excel,PROG,GENERAL,10:39,10:40,Cotejo de conductos F401-,
09/03/2026,CAB,DES,GENERAL,10:40,10:51,CAB,
09/03/2026,Cotejo de conductos en Excel,PROG,GENERAL,10:51,13:20,Cotejo de conductos F401-,
09/03/2026,Problemas conexión a Navantia UK,BLOR,GENERAL,13:20,14:04,Problemas conexión a Navantia UK,
09/03/2026,Reprogramación macro de calculo de conductos ,PROG,GENERAL,13:38,14:04,"Reprogramación macro de calculo de conductos
-Se añade una columna con los diámetros en pulgadas  de los conductos de acuerdo a diagrama.
-Modificar la macro CalculoConductosBLOR  por la inserción de la columna indicada en el punto anterior",
09/03/2026,Cotejo de conductos en Excel,PROG,GENERAL,14:04,15:01,Cotejo de conductos F30X,
09/03/2026,COMIDA,COM,GENERAL,15:01,15:31,COMIDA,
09/03/2026,Cotejo de conductos en Excel,PROG,GENERAL,15:31,15:43,Cotejo de conductos F30X,
09/03/2026,Reunión por Teams con Miguel,BLOR,GENERAL,15:43,15:58,"Aclaración de:
-Caudales en conductos FXXX.
-3301 (200cfm) o 2201.
-Los caudales en F305/6 son 1000 cfm",
09/03/2026,Cotejo de conductos en Excel,PROG,GENERAL,15:58,16:02,Cotejo de conductos F30X,
10/03/2026,AOYV,DES,GENERAL,6:46,6:57,AOYV,
10/03/2026,Cotejo de conductos en Excel,PROG,GENERAL,6:57,7:05,"Cotejo de conductos.
-Se revisan caudales en varias ramas indicadas en color rojo  por no estar conforme con lo realizado hasta ahora.",
10/03/2026,CAB,DES,GENERAL,7:05,07:12,CAB,
10/03/2026,Cotejo de conductos en Excel,PROG,GENERAL,7:12,10:16,"Cotejo de conductos.
-Se revisan caudales en varias ramas indicadas en color rojo  por no estar conforme con lo realizado hasta ahora.",
10/03/2026,Reunión por teams con Miguel,BLOR,GENERAL,10:16,10:25,"Cambios e implementaciones a realizar en excel de conductos:
-Lineas de las fotos cambian de bloque (ver libreta nueva).
-Como se sube a sharepoint  y la Excel de conductos se ha de subir dentro de Documentos>BLOR HVAC>HVAC diagram\.
",
10/03/2026,Cambiar conductos de bloques en las dos excel,PROG,GENERAL,10:25,11:42,"Cambiar varias lineas de bloque:
-En proa B301  B302 en crujía.
En proa B321 y B311 en los costados.
-En popa B101 y B102 en crujía.
-En popa B122 y B112 en los costados.",
10/03/2026,Macro para el cálculo teórico según esquema,PROG,GENERAL,11:42,12:25,Macro para el cálculo teórico según esquema,
10/03/2026,Píldora informatica  vacaciones,INT,GENERAL,12:25,12:27,Píldora informatica  vacaciones,
10/03/2026,Macro para el cálculo de la velocidad real del modelo,PROG,GENERAL,12:27,13:02,Macro para el cálculo de la velocidad real del modelo,
10/03/2026,Macro para el cálculo de pérdidas de carga en pascales y pulgadas de agua  así como también calcula si la velocidad real partiendo de las medidas reales del modelo  da una velocidad más alta  en rango o más baja que la indicada en la columna E  la cual es la velocidad teórica en función del tipo 1  2  3 o 4 del conducto o elemento,PROG,GENERAL,13:02,14:16,Macro para el cálculo de pérdidas de carga en pascales y pulgadas de agua  así como también calcula si la velocidad real partiendo de las medidas reales del modelo  da una velocidad más alta  en rango o más baja que la indicada en la columna E  la cual es la velocidad teórica en función del tipo 1  2  3 o 4 del conducto o elemento,
10/03/2026,Afinamiento de la macro CalculoConductosBLOR(),PROG,GENERAL,14:16,15:02,Afinamiento de la macro CalculoConductosBLOR(),
10/03/2026,COMIDA,COM,GENERAL,15:02,15:32,COMIDA,
10/03/2026,Leer lo que mandaron de P26QP202,BLOR,GENERAL,15:32,16:00,Leer lo que mandaron de P26QP202,
11/03/2026,AOYV,DES,GENERAL,6:44,6:54,AOYV,
11/03/2026,Leer lo que mandaron de P26QP202,BLOR,GENERAL,6:54,7:07,Leer lo que mandaron de P26QP202,
11/03/2026,Revisión macro CalculoConductosBLOR(),BLOR,GENERAL,7:07,7:44,Revisión macro CalculoConductosBLOR(),
11/03/2026,CAB,DES,GENERAL,7:44,7:48,CAB,
11/03/2026,Dimensiones de rejillas exteriores EXCEL,BLOR,GENERAL,7:48,9:11,Dimensiones de rejillas exteriores EXCEL,
11/03/2026,CAB,DES,GENERAL,9:11,9:14,CAB,
11/03/2026,Dimensiones de rejillas exteriores EXCEL,BLOR,GENERAL,9:14,10:07,Dimensiones de rejillas exteriores EXCEL,
11/03/2026,Varios cálculo de ruido en conductos,INT,GENERAL,10:07,10:29,"Varios cálculo de ruido en conductos:
Teniendo en cuenta:
-Conducto rectangular o circular.
-Velocidad en el conducto.
-Caudal.
-Material  en principio solamente acero galvanizado.
- Con o sin aislamiento.",
11/03/2026,Reunión por Teams con Miguel,BLOR,GENERAL,10:29,10:45,"Se trataron los siguientes puntos:
-Vistazo a las excel de rejillas y de cálculo de conductos.
-En la excel de rejillas  comparar que el área de los conductos modelados  ha de ser igual al área de origen, si es distinto  el fondo de la celda será de color rojo.
-En la excel de conductos  comparar col.G con col.M  col.H con col.N y col.I con col.O.",
11/03/2026,Dimensiones de rejillas exteriores EXCEL,BLOR,GENERAL,10:45,12:30,Dimensiones de rejillas exteriroes  comparando lo solicitado por Miguel en el punto anterior,
11/03/2026,Comparación de conductos de acuerdo a reunión por Teams con Miguel,BLOR,GENERAL,12:30,15:01,Comparación de conductos de acuerdo a reunión por Teams con Miguel,
11/03/2026,COMIDA,COM,GENERAL,15:01,15:32,COMIDA,
11/03/2026,Excel BLOR DIMENSIONES-VELOCIDAD-CAUDAL CONDUCTOS,BLOR,GENERAL,15:32,16:00,Excel BLOR DIMENSIONES-VELOCIDAD-CAUDAL CONDUCTOS  comparación de las distintas medidas de los conductos  de acuerdo a comentarios Miguel.,
12/03/2026,AOYV,DES,GENERAL,6:44,6:59,AYOV,
12/03/2026,Comparación de columnas de Alto  Ancho y Diámetro,BLOR,GENERAL,6:59,8:32,"Comparación de columnas de Alto  Ancho y Diámetro.
Inclusión de fórmulas en columnas de velocidad  etc.
Bloqueo de campos calculados  se pueden añadir nuevas filas  en medio o al final de la tabla.",
12/03/2026,Varios para nueva aplicación de HVAC,PROG,GENERAL,8:32,9:25,Varios para nueva aplicación de HVAC,
12/03/2026,Reunión por Teams con Miguel,BLOR,GENERAL,9:25,09:39,"Se trata lo siguiente:
-Modificar en la excel de conductos  las dimensiones de todas los conductos circulares  tanto de proa como de popa.
-En proa cambiar las dimensiones y comprobar todos los componentes de la líne 0902 y sus elementos y derivaciones.
-Las rejillas exteriores se han de cambiar a nuevo número de linea  
-Primero cotejar la rejilla LVR del diagrama en pdf con su posición en el buque, asignando nuevo número de línea a la rejilla como LVXX  donde XX es el número que trae en el diagrama se le sacará la R de LVR.

",
12/03/2026,Cambio en la excel de las medidas de los ductos y elementos de las lineas circulares,BLOR,GENERAL,09:39,9:49,"Cambio en la excel de las medidas de los ductos y elementos de las lineas circulares:
-2501 y elementos de esa línea.
-2101 y elementos de esa línea.
-2401 y elementos de esa línea.
-2601 y elementos de esa línea.
-0901  0902 y elementos de esa línea.",
12/03/2026,CAB,DES,GENERAL,9:49,09:56,CAB,
12/03/2026,Cambio en la excel de las medidas de los ductos y elementos de las lineas circulares,BLOR,GENERAL,9:56,11:15,"Cambio en la excel de las medidas de los ductos y elementos de las lineas circulares:
-2501 y elementos de esa línea.
-2101 y elementos de esa línea.
-2401 y elementos de esa línea.
-2601 y elementos de esa línea.
-0901  0902 y elementos de esa línea.",
12/03/2026,Renombrar las rejillas exteriores e incluirlas con un número de linea,BLOR,GENERAL,11:15,13:34,Renombrar las rejillas exteriores e incluirlas con un número de linea  de acuerdo al diagrama.,
12/03/2026,Aplicación conversor de unidades,PROG,GENERAL,13:34,15:05,Aplicación conversor de unidades,
12/03/2026,COMIDA,COM,GENERAL,15:05,15:34,COMIDA,
12/03/2026,Reunión Teams con Miguel,BLOR,GENERAL,15:34,15:48,"Se trata lo siguiente:
-Comprobar las rejillas que están mal registradas en excel LV15 16 40 50 y ver LV29 50 y 51.
- Calcular el alto y el ancho  en base a experiencia de las rejillas a modelar en Foran  y que cumplan con el área de origen de las mismas (jugar con HxW para alcanzar el área.
- Modelar en Foran las rejillas que faltan  teniendo en consideración que se trata de un elemeno en A105  de 38 mm de longitud y color 12 de Foran.",
12/03/2026,Aplicación conversor de unidades,PROG,GENERAL,15:48,16:03,Aplicación conversor de unidades,
13/03/2026,AOYV,DES,GENERAL,6:33,6:53,AOYV,
13/03/2026,Varios,BLOR,GENERAL,6:53,7:05,Varios,
13/03/2026,CAB,DES,GENERAL,7:05,7:10,CAB,
13/03/2026,"Dimensionado de rejillas calculando el ancho  y manteniendo ""fijo"" el ancho",BLOR,GENERAL,7:10,9:50,"Dimensionado de rejillas calculando el ancho  y manteniendo ""fijo"" el ancho",
13/03/2026,"Dimensionado de rejillas calculando el alto  y manteniendo ""fijo"" el alto en función de la separación entre refuerzos  o elementos estructurales",BLOR,GENERAL,9:50,9:58,"Dimensionado de rejillas calculando el alto  y manteniendo ""fijo"" el alto en función de la separación entre refuerzos  o elementos estructurales",
13/03/2026,CAB,DES,GENERAL,9:58,10:19,CAB,
13/03/2026,"Dimensionado de rejillas calculando el alto  y manteniendo ""fijo"" el alto en función de la separación entre refuerzos  o elementos estructurales",BLOR,GENERAL,10:19,11:25,"Dimensionado de rejillas calculando el alto  y manteniendo ""fijo"" el alto en función de la separación entre refuerzos  o elementos estructurales",
13/03/2026,Comprobar los nombres de las rejillas existentes de acuerdo a diagrama funcional,BLOR,GENERAL,11:25,13:00,Comprobar los nombres de las rejillas existentes de acuerdo a diagrama funcional,
16/03/2026,AOYV,DES,GENERAL,6:43,7:03,AOYV,
16/03/2026,Posicionamiento de rejillas exteriores,BLOR,B323,7:03,9:05,"Posicionamiento rejillas exteriores:
-LV15.
-LV16.
-LV14.",
16/03/2026,Posicionamiento de rejillas exteriores,BLOR,B313,9:05,9:40,"Posicionamiento rejillas exteriores:
-LV14.",
16/03/2026,Problemas varios con el cambio de contraseña en Navantia UK,DES,GENERAL,9:40,10:45,Problemas varios con el cambio de contraseña en Navantia UK,
16/03/2026,Ciberseguridad píldora #5,INT,GENERAL,10:45,10:57,Ciberseguridad píldora #5,
16/03/2026,Modificación de macros,PROG,GENERAL,10:57,13:38,Modificación y mejora de macros.,
16/03/2026,Posicionamiento de rejillas exteriores,BLOR,B313,13:38,13:50,"Posicionamiento rejillas exteriores:
-LV14.",
16/03/2026,Posicionamiento de rejillas exteriores,BLOR,B313,13:50,14:44,"Posicionamiento rejillas exteriores:
-LV23.",
16/03/2026,Posicionamiento de rejillas exteriores,BLOR,B313,14:44,15:06,"Posicionamiento rejillas exteriores:
-LV04.
-LV03.",
16/03/2026,COMIDA,COM,GENERAL,15:06,15:36,COMIDA,
16/03/2026,AOYV,DES,B323,15:36,15:45,"Posicionamiento rejillas exteriores:
-LV04.
-LV03.",
16/03/2026,Modificación de macros,PROG,GENERAL,15:45,16:03,Modificación y mejora de macros.,
17/03/2026,Modificación de macros,PROG,GENERAL,6:43,7:14,Modificación y mejora de macros.,
17/03/2026,Preparación excel pérdidas de carga,PROG,GENERAL,7:14,8:01,Preparación excel pérdidas de carga,
17/03/2026,Posicionamiento de rejillas exteriores,BLOR,GENERAL,8:01,8:20,"Posicionamiento rejillas exteriores:
-LV02.
-LV01",
17/03/2026,Reinicio automático del ordenador,DES,GENERAL,8:20,8:42,Reinicio automático del ordenador,
17/03/2026,Posicionamiento de rejillas exteriores,BLOR,B323-B313,8:42,15:00,Posicionamiento de rejillas exteriores,
17/03/2026,COMIDA,COM,GENERAL,15:00,15:31,COMIDA,
17/03/2026,Excel de pérdidas de carga,PROG,GENERAL,15:31,16:04,Excel de pérdidas de carga,
18/03/2026,AOYV,DES,GENERAL,6:44,7:09,AOYV,
18/03/2026,Posicionamiento de rejillas exteriores,BLOR,GENERAL,7:09,10:14,"Posicionamiento de rejillas exteriores.
-LV32.
-LV33.
-LV42.
-LV62.
-LV54.
-LV61.
-LV28.
-LV30.
-LV31",
18/03/2026,Revisión de rejillas en todo el buque,BLOR,GENERAL,10:14,13:23,Revisión de rejillas en todo el buque,
18/03/2026,Revisión de sistema de conductos  linea a linea  componente a componente,BLOR,GENERAL,13:23,13:31,Revisión de sistema de conductos  linea a linea  componente a componente,
18/03/2026,Ciberseguridad píldora #6,INT,GENERAL,13:31,13:42,Ciberseguridad píldora #6,
18/03/2026,Revisión de sistema de conductos  linea a linea  componente a componente,BLOR,GENERAL,13:42,15:00,Revisión de sistema de conductos  linea a linea  componente a componente,
18/03/2026,COMIDA,COM,GENERAL,15:04,15:31,COMIDA,
18/03/2026,Excel pérdidas de carga y ruido,PROG,GENERAL,15:31,16:01,Excel pérdidas de carga y ruido,
20/03/2026,AOYV,DES,GENERAL,6:42,7:18,AOYV,
20/03/2026,Cargando bloques del buque,BLOR,GENERAL,7:18,7:59,Cargando bloques del buque,
20/03/2026,Revisión de sistema de conductos  linea a linea  componente a componente,BLOR,GENERAL,7:59,10:08,"Revisión de sistema de conductos  linea a linea  componente a componente.
-0001.
",
20/03/2026,CAB,DES,GENERAL,10:08,10:30,CAB,
20/03/2026,Revisión de sistema de conductos  linea a linea  componente a componente,BLOR,GENERAL,10:30,12:42,"Revisión de sistema de conductos  linea a linea  componente a componente.
",
20/03/2026,Varios excel,BLOR,GENERAL,12:42,12:59,Varios excel,
23/03/2026,AOYV,DES,GENERAL,6:44,6:55,AOYV,
23/03/2026,Revisión de sistema de conductos  linea a linea  componente a componente,BLOR,GENERAL,6:55,8:34,"Revisión de sistema de conductos  linea a linea  componente a componente.
-0902.
-0903.
-1001  1002  1003  1004.
-1201 1202 1203",
23/03/2026,Reunión por Teams con Miguel,BLOR,GENERAL,8:34,8:42,"Estado de la revisión de conductos HVAC.
-Envío de documento word con las interferencias detectadas hasta el momento.
-Revisar las reglas de las medidas de los conductos  hay mucho rojo  y hace saltar la alarma.
-Cuando se acabe  revisar los que dan velocidad alta  comprobándolos nuevamente  y comprobando el caudal real del esquema (el que viene indicado en el mismo) con la velocidad de la  col.E",
23/03/2026,CAB,DES,GENERAL,8:42,8:48,CAB,
23/03/2026,Revisión de sistema de conductos  linea a linea  componente a componente,BLOR,B113,8:48,10:20,"Revisión de sistema de conductos  linea a linea  componente a componente.
-1203.
-1204.
-1401  1404 1405 1406",
23/03/2026,Revisión de conductos varios,BLOR,B113,10:20,13:57,Revisión de conductos varios,
23/03/2026,Revisión de conducto 0801 según imagen enviada por Miguel a Teams,BLOR,GENERAL,13:57,14:12,Revisión de conducto 0801 según imagen enviada por Miguel a Teams,
23/03/2026,Revisión de sistema de conductos  linea a linea  componente a componente,BLOR,B102,14:12,14:51,"Revisión de sistema de conductos  linea a linea  componente a componente.
-2001  2002  2003  2004  2005  2006  2007  2008  2009",
23/03/2026,Varios excel,BLOR,GENERAL,14:51,14:58,Varios excel  actualización de reglas en fichero de mi ordenador para luego subirlo,
23/03/2026,COMIDA,COM,GENERAL,14:58,15:28,COMIDA,
23/03/2026,Varios excel,BLOR,GENERAL,15:28,16:01,Varios excel,
24/03/2026,AOYV,DES,GENERAL,6:44,7:01,AOYV,
24/03/2026,Revisión de sistema de conductos  linea a linea  componente a componente,BLOR,GENERAL,7:01,8:40,Revisión de sistema de conductos  linea a linea  componente a componente,
24/03/2026,Repaso general a lineas de conductos,BLOR,GENERAL,8:40,9:23,Repaso general a líneas de conductos y revisión Excel,
24/03/2026,CAB,DES,GENERAL,9:23,9:33,CAB,
24/03/2026,Repaso general a lineas de conductos,BLOR,GENERAL,9:33,10:21,Repaso general a líneas de conductos y revisión Excel,
24/03/2026,Varias comprobaciones en la excel de conductos,BLOR,GENERAL,10:21,10:30,Varias comprobaciones en la excel de conductos,
24/03/2026,Reunión por Teams con Miguel,BLOR,GENERAL,10:30,10:48,"Reunión por Teams:
-Columna con el áre de esquema.
-Columna con el área de modelado.
-Si área modelado están dentro del 5% por arriba/abajo-->Verde.
-Si área modelado está entre 5-10% por encima-->Amarillo.
-Si área modelado es >10%-->Rojo",
24/03/2026,Se añaden columnas en excel con área según esquema y área modelada en Foran,BLOR,GENERAL,10:48,12:36,Se añaden columnas en excel con área según esquema y área modelada en Foran. A mayores se añade columna COMPROBACIÓN y cálculo de superficie por conducto/elemento en metros cuadrados,
24/03/2026,Excel de pérdidas de carga,PROG,GENERAL,12:36,12:47,Excel de cálculo de pérdidas de carga ,
24/03/2026,Reunión por Teams con Miguel,BLOR,GENERAL,12:47,13:02,"Reunión por Teams:
-Partiendo del esquema  posicionar ventiladores (FANXXX) en el modelo en Foran  tal que:
-Los ventiladores se emplazarán en la vertical de su plenum correspondiente.
-Si existe damper  se coloca el ventilador centrado en el damper  tal que Ventilador+Estructura+damper+estructura.
La mayoría de los ventiladores están sobrecubierta.
Internamente hay pocos ventiladores  emplazarlos de acuerdo a comentarios anteriores  y sin interferir con la estructura",
24/03/2026,Varios generación tarea anterior,BLOR,GENERAL,13:02,13:08,Varios generación tarea anterior,
24/03/2026,Emplazamiento de ventiladores en posición dentro del buque,BLOR,GENERAL,13:08,13:23,Emplazamiento de ventiladores en posición dentro del buque,
24/03/2026,Reunión por Teams con Miguel,BLOR,GENERAL,13:23,13:31,Considerar todos los elementos verdes en conductos de Foran como plenums  para obviar las áreas dado que área modelada no coincide con el área por defecto del esquema  porque en Foran no se consideran el área copada por los refuerzos,
24/03/2026,Cambio en la excel de conductos a plenums lo reflhado en verde en Foran,BLOR,GENERAL,13:31,14:02,Cambio en la excel de conductos a plenums lo reflhado en verde en Foran,
24/03/2026,Emplazamiento de ventiladores en posición dentro del buque,BLOR,GENERAL,14:02,14:25,Emplazamiento de ventiladores en posición dentro del buque,
24/03/2026,Reunión por Teams con Miguel,BLOR,GENERAL,14:25,14:29,"En la excel de BLOR HVAC EQUIPMENT LIST  comprobar las medidas de las columnas M (longitud del ventilador y col. N (dimA  diámetro del ventilador).
Comprobar las medidas a medida que se revisan ventiladores en Foran. Si hay alguna variación  anotarla en un word y reportar.",
24/03/2026,Emplazamiento de ventiladores en posición dentro del buque y comprobación de medidas en la excel correspondiente,BLOR,GENERAL,14:29,15:00,Emplazamiento de ventiladores en posición dentro del buque y comprobación de medidas en la excel correspondiente BLOR HVAC EQUIPMENT LIST,
24/03/2026,COMIDA,COM,GENERAL,15:00,15:30,COMIDA,
24/03/2026,Varios excel,PROG,GENERAL,15:30,16:00,Varios excel,
25/03/2026,AOYV,DES,GENERAL,6:43,6:57,AOYV,
25/03/2026,Emplazamiento de ventiladores en posición dentro del buque y comprobación de medidas en la excel correspondiente,BLOR,GENERAL,6:57,10:45,Emplazamiento de ventiladores en posición dentro del buque y comprobación de medidas en la excel correspondiente,
25/03/2026,Reunión por Teams con Miguel,BLOR,GENERAL,10:45,11:20,Modificación de dos rejillas que tenían mal el área LV14 y LV31,
25/03/2026,Emplazamiento de ventiladores en posición dentro del buque y comprobación de medidas en la excel correspondiente,BLOR,GENERAL,11:20,15:00,Emplazamiento de ventiladores en posición dentro del buque y comprobación de medidas en la excel correspondiente,
25/03/2026,COMIDA,COM,GENERAL,15:00,15:30,COMIDA,
25/03/2026,Varios excel,PROG,GENERAL,15:30,16:01,Pérdidas de carga  excel.,
26/03/2026,AOYV,DES,GENERAL,6:44,7:02,AOYV,
26/03/2026,Revisión de la excel que mandó Ángel,BLOR,GENERAL,7:02,7:04,Revisión de la excel que mandó Ángel,
26/03/2026,Ciberseguridad píldora #7,INT,GENERAL,7:04,7:10,Ciberseguridad píldora #7,
26/03/2026,Comprobación FCU en buque,BLOR,B313,7:10,7:41,Comprobación FCU en buque  medidas excel/Foran,
26/03/2026,Revisión de condensadores,BLOR,GENERAL,7:41,8:02,Revisión de condensadores  medidas y posición,
26/03/2026,CAB,DES,GENERAL,8:02,8:05,CAB,
26/03/2026,Revisión de condensadores y paneles de control,BLOR,GENERAL,8:05,10:41,Revisión de la posición de los condensadores y paneles de control  dejando espacio alrededor para mantenimiento,
26/03/2026,Reunión por Teams con Miguel,BLOR,GENERAL,10:41,10:51,"Varias cuestiones:
-Acabar con paneles de control.
-Cálculo de las velocidades de damper  con medidas buque referencia.
-Louver  cálculo de velocidades con medidas de los louver con medidas buque referencia.",
26/03/2026,Revisión de posición de paneles de control,BLOR,GENERAL,10:51,11:23,Revisión de posición de paneles de control.,
26/03/2026,Cálculo de velocidades en Dampers de acuerdo a medidas buque de referencia,BLOR,GENERAL,11:23,13:07,Cálculo de velocidades en Dampers de acuerdo a medidas buque de referencia,
26/03/2026,Redimensionado y recolocación de rejillas exteriores,BLOR,GENERAL,13:07,15:00,Redimensionado y recolocación de rejillas exteriores,
26/03/2026,COMIDA,COM,GENERAL,15:00,15:30,COMIDA,
26/03/2026,Redimensionado y recolocación de rejillas exteriores,BLOR,GENERAL,15:30,16:00,Redimensionado y recolocación de rejillas exteriores,
27/03/2026,AOYV,DES,GENERAL,6:51,7:12,AOYV,
27/03/2026,Redimensionado y recolocación de rejillas exteriores,BLOR,GENERAL,7:12,7:25,Redimensionado y recolocación de rejillas exteriores,
27/03/2026,CAB,DES,GENERAL,7:25,7:38,CAB,
27/03/2026,Redimensionado y recolocación de rejillas exteriores,BLOR,GENERAL,7:38,8:56,Redimensionado y recolocación de rejillas exteriores,
27/03/2026,Reinicio ordenador por actualizaciones de seguridad,INT,GENERAL,8:56,9:57,Reinicio ordenador por actualizaciones de seguridad,
27/03/2026,CAB,DES,GENERAL,9:57,10:17,CAB,
27/03/2026,Redimensionado y recolocación de rejillas exteriores,BLOR,GENERAL,10:17,11:19,Redimensionado y recolocación de rejillas exteriores,
27/03/2026,Descargar de windchill BLOR_0510710001S,BLOR,GENERAL,11:19,12:59,Descarga de BLOR_0510710001S en windchill para analizar con detenimiento lo referente a materiales y bridas,
30/03/2026,AOYV,DES,GENERAL,6:47,7:06,AOYV,
30/03/2026,Análisis y estudio especificación  estándares HVAC ,BLOR,GENERAL,7:06,15:00,Análisis y estudio especificación estándares HVAC,
30/03/2026,COMIDA,COM,GENERAL,15:00,15:30,COMIDA,
30/03/2026,Insertar FDRs en el buque,BLOR,GENERAL,15:30,16:01,Insertar FDR en el buque,
31/03/2026,AOYV,DES,GENERAL,6:50,7:14,AOYV,
31/03/2026,Insertar dampers en buque,BLOR,GENERAL,7:14,8:26,"Insertar dampers en buque.
-FD01 FD02  FD03  FD04  FD05  FD06  FD07",
31/03/2026,Reunión por Teams con Miguel,BLOR,GENERAL,8:26,8:32,"Colocación de los distintos damper  en función de donde van emplazados.
- En ventiladores de Thrusters  200 entre damper y ventilador.
- En resto ventiladores, cotas en amarillo o rojo  en función de si el ventilador tiene 700 o 900 mm de alto. Aparte la distancia entre dampers (190 mm) se ha de mantener, el resto de medidas al exterior de la caseta  se mantendrá la de 240 mm y la de 350 es variable",
31/03/2026,Emplazamiento de dampers  de acuerdo a directrices anteriores,BLOR,GENERAL,8:32,15:00,Emplazamiento de dampers  de acuerdo a directrices anteriores,
31/03/2026,COMIDA,COM,GENERAL,15:00,15:30,COMIDA,
31/03/2026,Varios excel,PROG,GENERAL,15:30,16:00,Varios excel,
01/04/2026,AOYV,DES,GENERAL,6:53,7:05,AOYV,
01/04/2026,Estándar de HVAC  compuertas de acceso,BLOR,GENERAL,7:05,12:47,Compuertas de acceso  estándar HVAC y varios estándares,
01/04/2026,Diagrama de Moody en Excel,PROG,GENERAL,12:47,15:00,Diagrama de Moody,
01/04/2026,COMIDA,COM,GENERAL,15:00,15:30,COMIDA,
01/04/2026,Diagrama de Moody en Excel,PROG,GENERAL,15:30,16:00,Diagrama de Moody,
07/04/2026,AOYV,DES,GENERAL,6:42,7:38,AOYV,
07/04/2026,Excel pérdidas de carga y ruido,PROG,GENERAL,7:38,13:11,Excel pérdidas de carga y ruido,
07/04/2026,Reunión por Teams con Miguel,BLOR,GENERAL,13:11,13:30,"Reunión con Miguel por teams.
B102  donde:
Se añadirán bridas tipo 3 (conducto estanco).
En el lado de la reducción/plenum será brida no estanca.
Junta.
-Material conducto S275JR de 4mm de espesor.
",
07/04/2026,Inserción de bridas ,BLOR,GENERAL,13:30,15:00,Inserción de bridas en conductos B102-5101-0601,
07/04/2026,COMIDA,COM,GENERAL,15:00,15:30,COMIDA,
07/04/2026,Inserción de bridas ,BLOR,B102,15:30,15:32,Inserción de bridas en conductos B102-5101-0601,
07/04/2026,Reunión por Teams con Miguel,BLOR,B102,15:32,15:48,"Varios.
- Junta de 3mm 17161203.
-Junta para fuego será de Klinger.
-Brida tipo 2.",
07/04/2026,Inserción de bridas ,BLOR,GENERAL,15:48,16:00,Inserción de bridas en conductos B102-5101-0601,
08/04/2026,AOYV,DES,GENERAL,6:47,7:06,AOYV,
08/04/2026,Inserción de bridas ,BLOR,B102,7:06,7:12,Inserción de bridas en conductos B102-5101-0601,
08/04/2026,CAB,DES,GENERAL,7:12,7:19,CAB,
08/04/2026,Inserción de bridas ,BLOR,B102,7:19,8:19,Inserción de bridas en conductos B102-5101-0601 y asignación materiales,
08/04/2026,Excel pérdidas de carga y ruido,PROG,GENERAL,8:19,8:27,Excel pérdidas de carga y ruido,
08/04/2026,Cambios de material,BLOR,B102,8:27,8:34,Cambios de material en conductos WT y NWT,
08/04/2026,Excel pérdidas de carga y ruido,PROG,GENERAL,8:34,10:32,Excel pérdidas de carga y ruido,
08/04/2026,Reunión por Teams con Miguel,BLOR,B102,10:32,10:53,"Revisar los siguientes puntos.
- Brida estanca soldable posicionarla de acuerdo al detalle.
- Contrabrida a la anterior  no estanca.
- Contrabrida final  de acuerdo a estándar.
-Insertar bridas en conducto recto  entre derivaciones  no encima de la canaleta eléctrica.
- Brida entre codo y tramo recto en derivaciones.",
08/04/2026,Cambios en bridas,BLOR,B102,10:53,13:23,"- Ajustar brida a conducto-penetración  material según 3H-1 S275JR de 4 mm de espesor.
- Ajustes de bridas en linea de conducto.",
08/04/2026,Reunión por Teams con Miguel,BLOR,B102,13:22,13:23,"Aclaraciones varias referentes a acoplamiento brida rectangular tipo 1-conducto (conducto no estanco-conducto no estanco).
- Nuevas bridas a insertar en conductos 0604 y 0603",
08/04/2026,Inserción de bridas ,BLOR,B102,13:22,14:44,Revisión de bridas en 0601 y se añaden en 0603 y 0604,
08/04/2026,Búsqueda de varios elementos/planos en windchill,BLOR,GENERAL,14:44,15:00,Búsqueda de varios elementos/planos en windchill,
08/04/2026,COMIDA,COM,GENERAL,15:00,15:30,COMIDA,
08/04/2026,Excel pérdidas de carga y ruido,PROG,GENERAL,15:30,16:01,Excel pérdidas de carga y ruido,
09/04/2026,AOYV,DES,GENERAL,6:46,7:01,AOYV,
09/04/2026,Cambio de material en una de las penetraciones conducto 0601,BLOR,B102,7:01,7:09,Cambio de material en una de las penetraciones conducto 0601,
09/04/2026,Curso de prevención de riesgos laborales,INT,GENERAL,7:09,7:58,"Curso de prevención de riesgos laborales  para oficinas.
- Unidad 1.",
09/04/2026,Modificación de conductos y materiales,BLOR,B102,7:58,9:11,Modificación de conductos 0601 y criterios al revisar el conducto.,
09/04/2026,Modificación de conductos y materiales,BLOR,B102,9:11,10:15,Modificación del conducto 0602,
09/04/2026,Curso de prevención de riesgos laborales,INT,GENERAL,10:15,14:28,"Curso de prevención de riesgos laborales  para oficinas.
- Unidad 1.",
09/04/2026,Modificación de conductos y materiales,BLOR,B102,14:28,15:00,Modificación de conductos 0603  0604,
09/04/2026,COMIDA,COM,GENERAL,15:00,15:30,COMIDA,
09/04/2026,Modificación de conductos y materiales,BLOR,B102,15:30,16:01,Modificación de conductos 0605,
10/04/2026,AOYV,DES,GENERAL,6:41,7:12,AOYV,
10/04/2026,Comprobación del estándar de penetraciones,BLOR,GENERAL,7:12,8:18,Comprobación del estándar de penetraciones,
10/04/2026,Reunión por Teams con Miguel,BLOR,B102,8:18,9:13,"Comentarios de la reunión.
1- Revisar materiales de nuevo  los hay con el copic antiguo.
2- Fin de bloque de acuerdo a comentarios Miguel.
3- Mover/modificar varios conductos.",
10/04/2026,Resumen tareas,BLOR,GENERAL,9:13,9:20,Resumen de tareas en fichero de word.,
10/04/2026,Cambio de material en conductos,BLOR,B102,9:20,10:00,Cambio de material en varios elementos (básicamente reducciones),
10/04/2026,CAB,DES,GENERAL,10:00,10:19,CAB,
10/04/2026,Cambio de material en conductos,BLOR,B102,10:19,12:55,Cambio de material en varios elementos (básicamente reducciones),
13/04/2026,AOYV,DES,GENERAL,6:46,7:12,AOYV,
13/04/2026,Cambio conductos,BLOR,B102,7:12,9:13,Cambio conductos,
13/04/2026,Revisión y nuevo vistazo a lo realizado,BLOR,B102,9:13,9:40,Revisión de conductos/materiales/tipos bridas y juntas,
13/04/2026,Ciberseguridad píldora #8,INT,GENERAL,9:40,9:59,Ciberseguridad píldora #8,
13/04/2026,Varios excel,INT,GENERAL,9:59,10:47,Varios excel,
13/04/2026,Revisión de conductos varios,BLOR,B112,10:47,12:29,Revisión de líneas de conductos 2503,
13/04/2026,Reunión por Teams con Miguel,BLOR,B102-B112,12:29,13:05,"Revisión de los siguientes elementos.
1- Cambiar el material del conducto recto estanco a CS18-11614976
2-Ajustar 0601 para que empate bien con la transformación.
3- Empatar bien el codo con el tramo recto 0602.
4- 0603  dejar el tramo corto  y pasar el damper a la contrabrida que queda.
5- 0801 cambiar material de parte recta y long total con brida a 75 mm. Material CS18
En cuanto al conducto 2503.
1- Transformación C/C 255-300  reducir la longitud en 255 para que la contrabrida quede en el sitio del ultimo tramo de conducto.",
13/04/2026,Revisión y nuevo vistazo a lo realizado,BLOR,B102,13:05,14:10,Revisiones varias de acuerdo a punto anterior.,
13/04/2026,Nueva revisión de las tareas entregadas en curso PRL,DES,GENERAL,14:10,14:46,Revisión en tareas curso PRL,
13/04/2026,Revisión y nuevo vistazo a lo realizado,BLOR,B122,14:46,15:00,Revisión del conducto 2603,
13/04/2026,COMIDA,COM,GENERAL,15:00,15:30,COMIDA,
13/04/2026,Varios excel,PROG,GENERAL,15:30,15:52,Varios excel,
13/04/2026,Reunión por Teams con Miguel,BLOR,B102,15:52,16:06,Llamada Miguel  estándares de soportes,
14/04/2026,AOYV,DES,GENERAL,6:46,7:05,AOYV,
14/04/2026,Vistazo y análisis a los estándares de soportes,BLOR,GENERAL,7:05,8:50,Vistazo y análisis a los estándares de soportes,
14/04/2026,Cambio de material y tipo de conductos para diámetros <300mm,BLOR,GENERAL,8:50,11:09,Cambio de material en conductos circulares que van a thrusters  tienen que ser de espirotubo (diámetros < 300 mm),
14/04/2026,Vistazo y análisis a los estándares de soportes,BLOR,B102,11:09,14:47,Vistazo y análisis a los estándares de soportes. Emplazamiento de soportes,
14/04/2026,Reunión por Teams con Miguel,BLOR,B102,14:47,14:54,Realización de nuevo soporte.,
14/04/2026,Realización de nuevo soporte,BLOR,B102,14:54,15:30,Creación de nuevo soporte  y cumplimentación de datos geométricos,
15/04/2026,AOYV,DES,GENERAL,6:43,7:04,AOYV,
15/04/2026,Realización de nuevos soportes,BLOR,B102,7:04,11:12,Realización de nuevos soportes,
15/04/2026,Reunión por Teams con Miguel,BLOR,B102,11:12,11:31,"Varios puntos.
- Comprobación de distancia de soporte conducto a mamparo.
- Meter algún soporte intermedio en tramo recto del 0602 posterior al mamparo.
- Soporte de conductos 0605 y 0603  pendiente de ver especiales.
- Sujección especial para codo+Te del 0602 al final.
- Colocación de los soportes verticales en los conductos que alimentan aire al thruster (solo bloques bajos).
",
15/04/2026,Recopilación de tareas,DES,GENERAL,11:31,11:45,Recopilación de tareas punto anterior.,
15/04/2026,Comprobación de distancia a mamparos e inserción de soportes conductos verticales de bloques inferiores,BLOR,GENERAL,11:45,13:57,Comprobación distancia entre mamparo y soporte  e inserción de soportes conductos circulares verticales de los bloques inferiores de los thrusters.,
15/04/2026,Chequeo de rejillas exteriores,BLOR,GENERAL,13:57,15:00,Chequeo de rejillas exteriores,
15/04/2026,COMIDA,DES,GENERAL,15:00,15:30,COMIDA,
15/04/2026,Chequeo de rejillas exteriores,BLOR,B313,15:30,16:03,Chequeo de rejillas exteriores,
16/04/2026,AOYV,DES,GENERAL,6:43,7:08,AOYV,
16/04/2026,Cambio de soporte a tipo 4,BLOR,GENERAL,7:08,8:13,Cambio soportes a tipo 4  y colocación de un más en ducto 2403,
16/04/2026,Chequeo de rejillas exteriores,BLOR,B313,8:13,9:16,Chequeo de rejillas exteriores,
16/04/2026,Reunión por Teams con Miguel,BLOR,GENERAL,9:16,9:42,Nomenclatura a emplear en las rejillas,
16/04/2026,Excel con medidas y nomenclaturas acuerdo a BLOR,BLOR,B313,9:42,10:00,Excel con medidas y nomenclaturas acuerdo a BLOR,
16/04/2026,Chequeo de rejillas exteriores,BLOR,B313,10:00,10:30,Chequeo de rejillas exteriores,
16/04/2026,Chequeo de rejillas exteriores,BLOR,B323,10:30,11:21,Chequeo de rejillas exteriores,
16/04/2026,Ciberseguridad píldora #9,INT,GENERAL,11:21,11:40,Ciberseguridad píldora #9,
16/04/2026,Chequeo de rejillas exteriores,BLOR,B113,11:40,13:01,Chequeo de rejillas exteriores,
16/04/2026,Chequeo de interferencias entre soportes y demás elementos,BLOR,GENERAL,13:01,15:00,Chequeo de interferencias entre soportes y demás elementos,
16/04/2026,COMIDA,COM,GENERAL,15:00,15:30,COMIDA,
16/04/2026,Comprobación de soportes  nomenclatura y bloque al que pertenecen,BLOR,GENERAL,15:30,16:00,Comprobación de soportes  nomenclatura y bloque al que pertenecen,
17/04/2026,AOYV,DES,GENERAL,6:39,7:00,AOYV,
17/04/2026,Modificación de varios soportes,BLOR,B102,7:00,7:58,Modificación de varios soportes,
17/04/2026,Modificación de materiales,BLOR,B301,7:58,10:13,Modificación de materiales,
17/04/2026,Reunión por Teams con Miguel,BLOR,B301,10:13,10:31,"Aclaración de varios puntos.
Brida y junta en inicio 0101.
Añadir bridas y juntas.
Materiales.",
17/04/2026,Varios puntos a modificar,BLOR,B301,10:31,10:34,Modificar medidas internas de brida y junta en 0101 (ojo penetración),
17/04/2026,CAB,DES,GENERAL,10:34,10:54,CAB,
17/04/2026,Se añaden bridas y juntas,BLOR,B301,10:54,12:26,Se añaden bridas y juntas,
17/04/2026,Varios excel,DES,GENERAL,12:26,12:46,Varias modificaciones en macros de excel.,
20/04/2026,AOYV,DES,GENERAL,6:45,6:58,AOYV,
20/04/2026,Se añaden bridas y juntas,BLOR,B301,6:58,9:13,Se añaden bridas y juntas en 0106 y varios,
20/04/2026,Se añaden bridas y juntas,BLOR,B302,9:13,9:35,Se añaden bridas y juntas en 0104,
20/04/2026,Reunión por Teams con Miguel,BLOR,B301,9:35,9:44,Varios  modificaciones en conductos añadiendo más bridas de conexión,
20/04/2026,Se añaden bridas y juntas,BLOR,B301,9:44,10:29,Se añaden más bridas en 0101 y se equidistancian 0103  0104,
20/04/2026,Se añaden soportes en conductos,BLOR,B301,10:29,13:12,Se añaden soportes en B0301,
20/04/2026,Nueva revisión de materiales  bridas y soportes,BLOR,B301,13:12,13:28,Nueva revisión de materiales  bridas y soportes,
20/04/2026,Propuesta para fin de conducto 2603 en B122,BLOR,B122,13:28,15:02,Propuesta para fin de conducto 2603 (TEST) en B122,
20/04/2026,COMIDA,COM,GENERAL,15:02,15:32,COMIDA,
20/04/2026,Análisis de propuestas TEST,BLOR,B122,15:32,15:39,Análisis propuestas TEST,
20/04/2026,Reunión por Teams con Miguel,BLOR,B122,15:39,15:54,"Vistazo a las propuestas de retrazado TEST en B112 y B122.
- Analizar dampers y rejillas en bdd de foran/estándar y las rejillas en bdd Foran/estándar/halton",
20/04/2026,Vistazo a las rejillas interiores y dampers,BLOR,GENERAL,15:54,16:01,Vistazo a dampers y rejillas interiores,
21/04/2026,AOYV,DES,GENERAL,6:44,7:12,AOYV,
21/04/2026,Estudio y análisis de rejillas y reguladores de caudal,BLOR,GENERAL,7:12,9:30,Estudio y análisis de rejillas y reguladores de caudal,
21/04/2026,Comprobación y modificación de varios soportes,BLOR,B301,9:30,10:03,Comprobación y modificación de varios soportes,
21/04/2026,Estudio y análisis de rejillas y reguladores de caudal,BLOR,GENERAL,10:03,10:39,Estudio y análisis de rejillas y reguladores de caudal comparación del estándar con lo existente en la base de datos de Foran,
21/04/2026,Reunión por Teams con Miguel,BLOR,GENERAL,10:39,11:02,"Se tratan los siguientes puntos a resolver.
1- Topes de bloque  pasan de 150 mm a 300 mm. El conducto intermedio  pertenecerá al bloque con más conductos.
El conducto intermedio  tendrá el punto central (normalmente punto de control del ducto)  justo en el límite de bloque.
2- En BLOR se deja soportar a platabandas  conforme el soporte quedará a 25 mm del borde de la platabanda.
3- B112  B122  B311  B321 se adaptarán las propuestas TEST en los cuatro bloques  de modo que desde el tecle queden 2100 mm de altura libre para poder trabajar. Asi mismo se pondrá un soporte en la parte vertical del conducto que baja  justo antes del codo  otra después del segundo codo y al final del tubo que sale del segundo codo.",
21/04/2026,Modificación de los finales de ducto en bloques que aplique,BLOR,GENERAL,11:02,12:30,Modificación de finales de ducto en bloques que aplique,
21/04/2026,Inserción de soportes,BLOR,B102,12:30,15:01,Inserción de soportes en B102,
21/04/2026,COMIDA,COM,GENERAL,15:01,15:30,COMIDA,
21/04/2026,inserción de soportes,BLOR,B301,15:30,16:01,Inserción de soportes en B301,
22/04/2026,AOYV,DES,GENERAL,6:42,7:02,AOYV,
22/04/2026,Inserción de soportes,BLOR,B302,7:02,10:06,Inserción de soportes en B302,
22/04/2026,Revisión de los distintos soportes ,BLOR,B102,10:06,10:20,Revisión de soportes en B102,
22/04/2026,Revisión de los distintos soportes ,BLOR,B302,10:20,11:30,Revisión de soportes en B302,
22/04/2026,Revisión de la propuesta TEST en los thrusters de popa,BLOR,GENERAL,11:30,12:13,Revisión de la propuesta TEST en conductos popa thrusters,
22/04/2026,Varios excel pérdidas de carga,PROG,GENERAL,12:13,13:00,Varios excel pérdidas de carga,
22/04/2026,Revisión de si los ductos verticales de los thrusters tienen interferencias,BLOR,GENERAL,13:00,13:23,Revisión de interferencias entre conductos de suministro de aire a los thrusters de popa,
22/04/2026,Implementación del sistema de popa en proa,BLOR,B321-B311,13:23,14:18,Implementación de los ductos TEST en los conductos de suministros de aire a los thrusters de proa,
22/04/2026,Varios en Foran en los thrusters de proa,BLOR,B321-B311,14:18,15:00,Varios en los conductos de los thrusters de proa,
22/04/2026,COMIDA,COM,GENERAL,15:00,15:30,COMIDA,
22/04/2026,Varios ,BLOR,GENERAL,15:30,16:00,Varios,
23/04/2026,AOYV,DES,GENERAL,6:45,6:57,AOYV,
23/04/2026,Colocación y comprobación de rejillas exteriores,BLOR,GENERAL,6:57,10:24,Colocación y comprobación de rejillas exteriores,
23/04/2026,Comprobación de distintas rejillas revisadas por equipos,BLOR,GENERAL,10:24,12:08,Revisión de 13 rejillas. Se han mandado revisar por estar mal las medidas,
23/04/2026,Reunión por Teams con Miguel,BLOR,GENERAL,12:08,12:26,Varios  cambios en bridas  y juntas afecta a todos los conductos,
23/04/2026,Cambios de bridas y juntas,BLOR,B102,12:26,15:00,Cambios de bridas y juntas en bloque B102,
23/04/2026,COMIDA,COM,GENERAL,15:00,15:30,COMIDA,
23/04/2026,Revisión bridas y juntas,BLOR,B102,15:30,15:33,Revisión de bridas y juntas en bloque B102,
23/04/2026,Ciberseguridad píldora #10,INT,GENERAL,15:33,15:38,Ciberseguridad píldora #10,
23/04/2026,Varios excel,PROG,GENERAL,15:38,16:00,Varios excel,
24/04/2026,AOYV,DES,GENERAL,6:43,6:55,AOYV,
24/04/2026,Revisión de materiales en conductos,BLOR,B102,6:55,7:45,Revisión de materiales bridas y juntas,
24/04/2026,Trazado de conducto TEST para propuesta 2503,BLOR,B112,7:45,10:06,Trazado de conducto TEST para sustituir a 2503,
24/04/2026,CAB,DES,GENERAL,10:06,10:25,CAB,
24/04/2026,Trazado de conducto TEST para propuesta 2503,BLOR,B122,10:25,11:37,Retrazado del conducto TEST para sustituir al 2603 en B122,
24/04/2026,Consolidación de conducto TEST en B112,BLOR,B112,11:37,12:43,Consolidación de conducto TEST en 2501-2502-2503,
24/04/2026,Varios,DES,GENERAL,12:43,12:58,Varios  viendo información de Qt designer,
27/04/2026,AOYV,DES,GENERAL,6:43,7:00,AOYV,
27/04/2026,Inserción FDR,BLOR,GENERAL,7:00,10:40,Inserción de FDRs,
27/04/2026,Modificación materiales bridas y juntas ,BLOR,B301,10:40,12:55,Modificación materiales bridas y juntas ,
27/04/2026,Modificación materiales bridas y juntas ,BLOR,B112,12:55,13:52,Modificación materiales bridas y juntas ,
27/04/2026,Reunión por Teams con Miguel,BLOR,GENERAL,13:52,14:37,"Varios comentarios de dampers FDR-XXX33 cambiarán las dimensiones.
- Varias damper se moverán a proa o popa en función del sitio existente.
-B301  actualizar la relación con el soporte que aparecen en naranja.
-B112 soportes  solo este bloque  no el superior.",
27/04/2026,Modificación de posición de varios damper y rejillas,BLOR,GENERAL,14:37,15:00,Modificación de posición de varios damper y rejillas,
27/04/2026,COMIDA,COM,GENERAL,15:00,15:30,COMIDA,
27/04/2026,Modificación de posición de varios damper y rejillas,BLOR,GENERAL,15:30,16:01,Modificación de posición de varios damper y rejillas,
28/04/2026,AOYV,DES,GENERAL,6:46,6:59,AOYV,
28/04/2026,Modificacion de posición de varios damper y rejillas,BLOR,GENERAL,6:59,7:18,Modificación de posición de varios damper y rejillas,
28/04/2026,Actualización de reasignación de soportes,BLOR,B301,7:18,7:32,Actualización de reasignación de soportes,
28/04/2026,Revisión de tareas en bloques,BLOR,GENERAL,7:32,9:37,Revisión de tareas en bloques para ver en cual centrarse,
28/04/2026,Revisión de ducto TEST en B122,BLOR,B122,9:37,9:58,Revisión de ducto TEST en B122,
28/04/2026,Se revisan soportes en B311,BLOR,B311,9:58,10:27,Revisión de soportes,
28/04/2026,Revisión de materiales en conductos,BLOR,B113,10:27,15:00,Revisión de materiales en conductos 1801  ,
28/04/2026,COMIDA,COM,GENERAL,15:00,15:22,COMIDA,
28/04/2026,Ciberseguridad píldora #11,INT,GENERAL,15:22,15:30,Ciberseguridad píldora #11,
28/04/2026,Varios excel,PROG,GENERAL,15:30,16:01,Varios excel,
29/04/2026,AOYV,DES,GENERAL,6:44,6:58,AOYV,
29/04/2026,Se añaden damper  rejilla y adaptación de conducto,BLOR,B311,6:58,7:39,Se añaden damper  rejilla y adaptación de conducto,
29/04/2026,Se añaden damper  rejilla y adaptación de conducto,BLOR,B321 B311,7:39,8:12,Se añaden damper  rejilla y adaptación de conducto,
29/04/2026,Modificación de soportes en bloque,BLOR,B112,8:12,8:43,Modificación de soportes en bloque B112,
29/04/2026,Modificación de soportes en bloque,BLOR,B122,8:43,9:09,Modificación de soportes en bloque B122,
29/04/2026,Modificación de materiales ,BLOR,B113,9:09,10:20,Modificación de materiales,
29/04/2026,Cambio en materiales de conductos a 2mm de espesor,BLOR,B102,10:20,10:29,Cambio en materiales de conductos a 2 mm de espesor,
29/04/2026,Varios en espera para cambiar materiales en todos los ductos,DES,GENERAL,10:29,12:57,Varios en espera para cambiar materiales en todos los ductos,
29/04/2026,Reunión por Teams con Miguel,BLOR,GENERAL,12:57,13:21,Cambio de materiales en ductos de los thrusters,
29/04/2026,Cambio de materiales en ducto del thruster,BLOR,B112,13:21,15:00,Cambio de materiales en ductos de los thrusters,
29/04/2026,COMIDA,COM,GENERAL,15:00,15:30,COMIDA,
29/04/2026,Cambio de materiales en ducto del thruster,BLOR,B112,15:30,16:00,Cambio de materiales en ductos de los thrusters,Pantallazo de Miguel  realizado el 7/7/26 donde el 29/04/26 se indica que las bridas de los conductos de cámara de máquinas con espesor 2 mm puede ser brida no estanca
30/04/2026,AOYV,DES,GENERAL,6:47,7:10,AOYV,
30/04/2026,Cambio de materiales en ducto del thruster,BLOR,GENERAL,7:10,10:07,Cambio de materiales en ductos de los thrusters,
30/04/2026,Cambiar materiales ,BLOR,B113,10:07,10:30,Se añaden bridas y juntas,
30/04/2026,Cambio de materiales en ductos,BLOR,B301,10:30,11:47,Cambio de materiales en ductos de los thrusters,
30/04/2026,Cambio de materiales en ductos,BLOR,B302,11:47,12:08,Cambio de materiales en ductos,
30/04/2026,Cambio de materiales en ductos,BLOR,B113,12:08,12:28,Cambio de materiales en ductos,
30/04/2026,Cambio de dos soportes,BLOR,B112,12:28,12:38,Cambio de dos soportes al bloque correcto 2SM2,
30/04/2026,Cambio de materiales en ductos,BLOR,B113,12:38,13:18,Cambio de materiales en ductos,
30/04/2026,CAB,DES,GENERAL,13:18,13:21,CAB,
30/04/2026,Cambio de materiales en ductos,BLOR,B113,13:21,14:51,Cambio de materiales en ductos,
30/04/2026,Excel formulario para cálculo pesos,PROG,GENERAL,14:51,15:00,Excel formulario para cálculo pesos,
30/04/2026,COMIDA,COM,GENERAL,15:00,15:30,COMIDA,
30/04/2026,Excel formulario para cálculo pesos,PROG,GENERAL,15:30,15:34,Excel formulario para cálculo pesos,
30/04/2026,Cambio de materiales en ductos,BLOR,B113,15:34,16:00,Cambio de materiales en ductos,
04/05/2026,AOYV,DES,GENERAL,6:43,7:04,AOYV,
04/05/2026,Cambio de materiales en ductos,BLOR,B113,7:04,7:53,Cambio de materiales en ductos 1402  1403,
04/05/2026,Cambio de materiales en ductos,BLOR,B113,7:53,9:58,Cambio de materiales en ductos  1405  F303  F302  F306  F301  3301,
04/05/2026,Reunión por Teams con Miguel,BLOR,GENERAL,9:58,10:06,Varios  cambio de nomenclatura de soportes a thruster no son XXM  son XXE,
04/05/2026,Cambio de materiales en ductos,BLOR,B113,10:06,10:25,Cambio de materiales en ductos,
04/05/2026,Emplazamiento de bridas y juntas en ductos,BLOR,B113,10:25,15:00,Emplazamiento de bridas y juntas en ductos,
04/05/2026,COMIDA,COM,GENERAL,15:00,15:30,COMIDA,
04/05/2026,Emplazamiento de bridas y juntas en ductos,BLOR,B113,15:30,15:47,Emplazamiento de bridas y juntas en ductos,
04/05/2026,Varios excel,PROG,GENERAL,15:47,16:03,Varios excel,
05/05/2026,AOYV,DES,GENERAL,6:44,6:58,AOYV,
05/05/2026,Emplazamiento de bridas y juntas en ductos,BLOR,B113,6:58,8:16,Emplazamiento de bridas y juntas en ductos,
05/05/2026,Cambio de sitio,DES,GENERAL,8:16,8:41,Cambio de sitio,
05/05/2026,Emplazamiento de bridas y juntas en ductos,BLOR,B113,8:41,9:16,Emplazamiento de bridas y juntas en ductos,
05/05/2026,Nueva configuración del ducto vertical del thruster,BLOR,B311,9:16,11:35,Nueva consideración para evitar el thruster  tubería  tecle  etc,
05/05/2026,Reunión por Teams con Miguel,BLOR,GENERAL,11:35,11:53,Varias modificaciones a realizar en B311 y B321,
05/05/2026,Implementación de modificaciones,BLOR,B311,11:53,14:49,Implementación de modificaciones en ducto TEST B311,
05/05/2026,Implementación de modificaciones,BLOR,B321,14:49,15:00,Implementación de modificaciones en ducto TEST B321,
05/05/2026,COMIDA,COM,GENERAL,15:00,15:30,COMIDA,
05/05/2026,Implementación de modificaciones,BLOR,B321,15:30,15:52,Implementación de modificaciones en ducto TEST B321,
05/05/2026,Varios excel,PROG,GENERAL,15:52,16:00,Varios excel,
06/05/2026,AOYV,DES,GENERAL,6:43,7:12,AOYV,
06/05/2026,Implementación de modificaciones,BLOR,B321,7:12,8:05,Implementación de modificaciones en ducto TEST B321,
06/05/2026,Ciberseguridad píldora #12,INT,GENERAL,8:05,8:20,Ciberseguridad píldora #12,
06/05/2026,Modificación de ductos en B321,BLOR,B321,8:20,9:40,Modificación de ductos en B321,
06/05/2026,Modificación de varios ductos,BLOR,B113,9:40,12:42,Modificación de ductos y embridado,
06/05/2026,Reunión por Teams con Miguel,BLOR,GENERAL,12:42,13:02,Modificaciones en B122 con codos de R=1 5xDiamInterior,
06/05/2026,Modificaciones en ductos,BLOR,B113,13:02,15:00,Modificaciones en ductos.,
06/05/2026,COMIDA,COM,GENERAL,15:00,15:30,COMIDA,
06/05/2026,Modificaciones en ductos,BLOR,B113,15:30,16:00,Modificaciones en ductos.,
07/05/2026,AOYV,DES,GENERAL,6:42,7:06,AOYV,
07/05/2026,Modificaciones en ductos,BLOR,B113,7:06,12:11,Modificaciones en ductos  cambio de materiales en función del local del buque  así como cambio a estanco en ductos que van encima de equipos eléctricos,
07/05/2026,Modificaciones en ductos,BLOR,B113,12:11,14:09,Modificaciones en ductos  cambio de materiales en función del local del buque  así como cambio a estanco en ductos que van encima de equipos eléctricos,
07/05/2026,Reunión por Teams con Miguel,BLOR,B113,14:09,14:14,"Habia un problema con en ducto 2501 de 305 mm de diámetro  para poder pasar una de las planchas. Se soluciona dejando la brida suelta.
",
07/05/2026,Modificación de final de brida respecto a una transformación circular,BLOR,B113,14:14,14:29,Modificación de final de brida respecto a una transformación circular. Se trata de una transformación circular  a la cual se le suelda un tramo de conducto  para alojar una brida. Se mantiene el mismo criterio que la parte recta de las transformaciones (5.5 mm),
07/05/2026,Emplazamiento de soportes,BLOR,B113,14:29,15:00,Emplazamiento de soportes  y vistazo en los estándares  de la distancia máxima entre soportes (creo que son  1500 mm),
07/05/2026,COMIDA,COM,GENERAL,15:00,15:30,COMIDA,
07/05/2026,Emplazamiento de soportes,BLOR,B113,15:30,16:01,Emplazamiento de soportes en B113 2501,
08/05/2026,AOYV,DES,GENERAL,6:45,6:54,AOYV,
08/05/2026,Envío de email con incidencia,BLOR,GENERAL,6:54,7:11,Envío de email con incidencia,
08/05/2026,Varios excel,PROG,GENERAL,7:11,8:32,Varios excel,
08/05/2026,Revisión de la checklist excel,BLOR,GENERAL,8:32,9:30,Revisión de los distintos puntos de la checklist,
08/05/2026,Checklist exhaustivo del bloque B102,BLOR,B102,9:30,13:17,Checklist exhaustivo del bloque B102,
11/05/2026,AOYV,DES,GENERAL,6:43,7:17,AOYV,
11/05/2026,Checklist exhaustivo del bloque B102,BLOR,B102,7:17,11:55,Checklist exhaustivo del bloque B102 hasta 3.4,
11/05/2026,Checklist exhaustivo del bloque B102,BLOR,B102,11:55,13:06,Checklist exhaustivo del bloque B102  desde 3.5 hasta final,
11/05/2026,Checklist exhaustivo del bloque B112,BLOR,B112,13:06,13:54,Checklist exhaustivo del bloque B112  ducto 2503,
11/05/2026,Reunión por Teams con Miguel,BLOR,B102,13:54,14:33,"Aclaración de comentarios a dudas del checklist de B102.
- 2.8 Echar otro vistazo.
- 2.0 Similar a anterior.
- 2.11 Volver a comprobar rejillas en dampers.
- 2.12 Se preparó email para enviar a Miguel con las dos consultas.
- 4.2 y 4.3 pendiente de respuesta por parte de Luis (estructuras).
- 4.5 Echarle un vistazo por curiosidad a las penetraciones ya solicitadas.
- 5.1  6.1  6.2  6.3 y 6.4 lo ve Miguel",
11/05/2026,Resumen tareas,BLOR,B102,14:33,14:49,Resumen de tareas de acuerdo a registro anterior.,
11/05/2026,Checklist exhaustivo del bloque B102,BLOR,B102,14:49,15:00,Checklist exhaustivo del bloque B102  puntos pendientes,
11/05/2026,COMIDA,COM,GENERAL,15:00,15:30,COMIDA,
11/05/2026,Checklist B102,BLOR,B102,15:30,16:00,Checklist B102 2.8,
12/05/2026,AOYV,DES,GENERAL,6:41,7:07,AOYV,
12/05/2026,Checklist B102,BLOR,B102,7:07,8:07,Checklist B102 2.8 hasta el final de puntos pendientes por mi parte,
12/05/2026,Checklist B112,BLOR,B112,8:07,10:00,Checklist B112 del 1.1 al final,
12/05/2026,Reunión por Teams con Miguel,BLOR,B112,10:00,10:13,Dudas en B112 y vistazo a nuevas fechas de entrega de bloques,
12/05/2026,Checklist B122,BLOR,B122,10:13,11:28,Checklist B122,
12/05/2026,Checklist B301,BLOR,B301,11:28,15:00,Checklist B301,
12/05/2026,COMIDA,COM,GENERAL,15:00,15:30,COMIDA,
12/05/2026,Checklist B301,BLOR,B301,15:30,16:06,Checklist B301,
5/13/2026,VACACIONES,VAC,GENERAL,6:30,16:00,VACACIONES,
14/05/2026,AOYV,DES,GENERAL,6:39,6:54,AOYV,
14/05/2026,Ver emails,DES,GENERAL,6:54,7:03,Ver emails/teams,
14/05/2026,Checklist B301,BLOR,B301,7:03,7:30,Checklist B301,
14/05/2026,Reinicio del ordenador por actualizaciones críticas,DES,GENERAL,7:30,7:44,Reinicio ordenador por actualizaciones críticas,
14/05/2026,Checklist B301,BLOR,B301,7:44,9:19,Checklist B301,
14/05/2026,Instalación de Visual Studio Code,INFO,GENERAL,9:19,9:28,Instalación de Visual Studio Code,
14/05/2026,Checklist B321,BLOR,B321,9:28,10:19,Checklist B321,
14/05/2026,Instalación de Visual Studio Code,INFO,GENERAL,10:19,10:43,Instalación de Visual Studio Code,
14/05/2026,Checklist B301,BLOR,B301,10:43,10:53,Checklist B321,
14/05/2026,Ciberseguridad píldora #12,INT,GENERAL,10:53,11:00,Ciberseguridad píldora #12,
14/05/2026,Checklist B301,BLOR,B301,11:00,12:00,Checklist B321,
14/05/2026,Checklist B101,BLOR,B101,12:00,12:56,Checklist B101,
14/05/2026,Varios,BLOR,GENERAL,12:56,13:26,Varios,
14/05/2026,Reunión por Teams con Miguel,BLOR,GENERAL,13:26,13:30,Orden de revisión de bloques B311 y checklist  B113 (ver la parte del thruster) y continuar con los bloques superiores de B311 (B313)  B321  B122 y B112,
14/05/2026,Acabado y checklist del B311,BLOR,B311,13:30,14:22,Acabado y checklist de B311,
14/05/2026,Acabado y checklist del B313,BLOR,B313,14:22,15:03,Acabado y checklist del B313,
14/05/2026,COMIDA,COM,GENERAL,15:03,15:33,COMIDA,
14/05/2026,Acabar la inserción de soportes del B313,BLOR,B313,15:33,16:00,Acabar la inserción de soportes del B313,
15/05/2026,AOYV,DES,GENERAL,6:44,7:02,AOYV,
15/05/2026,Acabar la inserción de soportes del B313,BLOR,B313,7:02,8:12,Acabar la inserción de soportes del B313,
15/05/2026,Vistazo a la parte del thruster correspondiente a B313,BLOR,B113,8:12,8:20,Vistazo a la parte del thruster correspondiente a B313,
15/05/2026,Embridado y soportado de ducto thruster B123,BLOR,B123,8:20,10:00,Embridado y soportado de ducto thruster B123,
15/05/2026,Reunión por Teams multidisciplinar,BLOR,GENERAL,10:00,10:08,Intento fallido de reunión por estar Carlos Aparicio ocupado.,
15/05/2026,Embridado y soportado de ducto thruster B123,BLOR,B123,10:08,10:15,Embridado y soportado de ducto thruster B123,
15/05/2026,Reunión por Teams multidisciplinar,BLOR,GENERAL,10:15,10:48,"Puntos tratados:
1- Módulo/caseta (espacio para ventiladores) más a popa.",
15/05/2026,Varios,BLOR,GENERAL,10:48,10:52,Varios,
15/05/2026,Descanso 20',DES,GENERAL,10:52,11:08,Descanso 20',
15/05/2026,Embridado y soportado de ducto thruster B323,BLOR,B323,11:08,12:09,Embridado y soportado de ducto thruster B323,
15/05/2026,Varios excel,PROG,GENERAL,12:09,12:55,Varios excel HVAC,
18/05/2026,AOYV,DES,GENERAL,6:41,7:00,AOYV,
18/05/2026,Revisión general B113,BLOR,B113,7:00,9:11,Revisión general B113,
18/05/2026,Reunión por Teams con Miguel,BLOR,GENERAL,9:11,9:26,"Puntos tratados:
1- Añadir ramal a los -02 partiendo de objetos-->accesorio circular-->T reductora. GS2 color Foran13.
2. En ramal anterior  añadir reguladora (para diametro 305) color Foran 30+ducto de 305 con misma longitud que el de debajo de 254 mm+brida circular no estanca+rejilla para 305 mm
3. Añadir una transformación entre la damper superior el ducto  de modo que la longitud total de la transformación  sea la mitad del ancho/largo del damper. Material CS24 y color 13Foran",
18/05/2026,Inserción de elementos del punto anterior en B313,BLOR,B313,9:26,11:12,"Inserción de elementos anteriores en B313, comprobar siempre número de bloque  ducto  material  espesores",
18/05/2026,Inserción de elementos del punto anterior en B323,BLOR,B323,11:12,13:16,"Inserción de elementos anteriores en B323, comprobar siempre número de bloque  ducto  material  espesores",
18/05/2026,Comprobación en emails las dimensiones modeladas para reguladores de caudal,BLOR,GENERAL,13:16,13:28,Comprobación en emails las dimensiones modeladas para reguladores de caudal,
18/05/2026,Excel varios,PROG,GENERAL,13:28,13:52,Excel programación varios,
18/05/2026,Reunión por Teams con Miguel,BLOR,GENERAL,13:52,14:21,"Puntos tratados.
1- Las damper tienen que ser de DN 315_05 con lo que hay que cambiar el ducto a diámetro exterior 319  espesor 2 mm (GS2).
2- Las transformaciones se pondrán encima de la chapa que atraviesan  dejando 150 mm entre la arista inferior de la transformación circular y la parte superior de la chapa de la estructura.
3- Avisar del cambio del conducto vertical cuando se mueva la transformación circular. A medida que vaya avanzando  avisar a Miguel.",
18/05/2026,Cambio de ductos de 305 a 319 mm de diámetro exterior,BLOR,B113,14:21,15:00,Cambio de ductos de 305 a 319 mm de diámetro exterior,
18/05/2026,COMIDA,COM,GENERAL,15:00,15:30,COMIDA,
18/05/2026,Cambio de ductos de 305 a 319 mm de diámetro exterior,BLOR,B113,15:30,16:00,Cambio de ductos de 305 a 319 mm de diámetro exterior,
19/05/2026,AOYV,DES,GENERAL,6:42,6:55,AOYV,
19/05/2026,Cambio de ductos de 305 a 319 mm de diámetro exterior,BLOR,B113,6:55,8:30,Cambio de ductos de 305 a 319 mm de diámetro exterior,
19/05/2026,Varios,BLOR,B113,8:30,8:32,Varios,
19/05/2026,Cambios de ductos de 305 a 319 diámetro exterior,BLOR,B123,8:32,10:55,Cambio de ductos de 305 a 319 mm de diámetro exterior,
19/05/2026,Cambio de ductos de 305 a 319 mm de diámetro exterior,BLOR,B313,10:55,13:30,Cambio de ductos de 305 a 319 mm de diámetro exterior,
19/05/2026,Revisión de todos los ductos en los bloques de los thrusters,BLOR,B113-B123-B313-B323,13:30,14:09,Revisión de todos los ductos en los bloques de los thrusters,
19/05/2026,Vistazo a B113,BLOR,B113,14:09,14:38,Vistazo a B113,
19/05/2026,"Vistazo a dampers  estándares de los mismos y como ""funcionan""",BLOR,GENERAL,14:38,15:00,"Vistazo a dampers  estándares de los mismos y como ""funcionan""",
19/05/2026,COMIDA,COM,GENERAL,15:00,15:30,COMIDA,
19/05/2026,"Vistazo a dampers  estándares de los mismos y como ""funcionan""",BLOR,GENERAL,15:30,16:00,"Vistazo a dampers  estándares de los mismos y como ""funcionan""",
20/05/2026,AOYV,DES,GENERAL,6:41,6:57,AOYV,
20/05/2026,Ciberseguridad #14,INT,GENERAL,6:57,7:05,Ciberseguridad #14,
20/05/2026,"Vistazo a dampers  estándares de los mismos y como ""funcionan""",BLOR,GENERAL,7:05,8:12,"Vistazo a dampers  estándares de los mismos y como ""funcionan""",
20/05/2026,Vistazo a los estándares HVAC,BLOR,GENERAL,8:12,8:32,Vistazo a estándares HVAC,
20/05/2026,Reunión por Teams con Miguel,BLOR,B123,8:32,8:44,"Varios puntos a resolver con los dampers:
1- Modificar bridas para que coincidan las aristas de la brida con las del damper (normalmente parámetro F=35mm).
2- Juntas  el ala será +4 mm (parámetro F).
3- Rejilla:
  - Se instala sin junta.
  - Medida del damper +30 mm.
  - La rejilla sobresaldrá 5mm desde la tangente de la misma a las     distintas caras de la brida de la damper, OJO  todas las caras.
  - Al insertar el elemento rejilla  esta no se centra en ningún eje  con lo cual  se ha de posicionar a mano una vez insertada.
  - OJO CON EL CENTRADO.
  - Al dar valores a los distintos parámetros  el ancho del marco son 30 mm  no 35 como aparece por defecto.
4- Hay casos donde las damper no se ajustan a las medidas del ducto  porque las damper van de 25 en 25.
  - No se modifica el ducto.
  - Se inserta la damper inmediatamente superior.
  - En ductos donde suceda esto  la rejilla/damper/junta se pondrán en color rojo (12Foran).
   - En casos donde coincide  la brida+junta+damper+rejilla se pondrán en color verde (30Foran).
5- Se empieza en B123",
20/05/2026,Actualización de bridas/juntas/rejillas en dampers,BLOR,B123,8:44,15:02,Actualización de bridas/juntas/rejillas en dampers,
20/05/2026,COMIDA,COM,GENERAL,15:02,15:32,COMIDA,
20/05/2026,Actualización de bridas/juntas/rejillas en dampers,BLOR,B123,15:32,16:00,Actualización de bridas/juntas/rejillas en dampers,
21/05/2026,AOYV,DES,GENERAL,6:43,7:00,AOYV,
21/05/2026,Actualización de bridas/juntas/rejillas en dampers,BLOR,B123,7:00,9:29,Actualización de bridas/juntas/rejillas en dampers,
21/05/2026,Actualización de bridas/juntas/rejillas en dampers,BLOR,B113,9:29,10:27,Actualización de bridas/juntas/rejillas en dampers 1402,
21/05/2026,Actualización de bridas/juntas/rejillas en dampers,BLOR,B113,10:27,10:45,Actualización de bridas/juntas/rejillas en dampers 1403,
21/05/2026,Actualización de bridas/juntas/rejillas en dampers,BLOR,B113,10:45,11:08,Actualización de bridas/juntas/rejillas en dampers 1405,
21/05/2026,Reunión por Teams con Miguel,BLOR,B123,11:08,11:44,"1- Rejillas en 2203 y 2202  medir en vertical  y en el último en horizontal y vertical.
2- En ducto 0001 hay que añadir una damper circular de diámetro 500 pero no existe DN 500_06. PDTE.
3-Ducto 2006 modificar brida y junta del damper a 252x252x39  el conducto es mayor  pero la brida tiene que adaptarse al damper. Esto ocurre en más ductos.
4- Todos los conductos circulares serán espiros  pero ahora no se cambia el conducto (caso de un FXXX añadir igualmente el damper).
5- 2005 la rejilla está volando  hay que ponerla en su posición.
6- Ductos 2003 a 2006 aumentar la longitud del ducto inicial  para que puedan acceder por abajo a la tornillería de la brida  y no tengan problemas con un refuerzo próximo en parte baja del ducto.","1- 2203 OK
2- OK
3-OK
5- OK"
21/05/2026,Actualización de bridas/juntas/rejillas en dampers,BLOR,B123,11:44,13:45,Punto 1 de la reunión por teams con Miguel (Rejillas en 2203 y 2202  medir en vertical  y en el último en horizontal y vertical),
21/05/2026,Actualización de bridas/juntas/rejillas en dampers,BLOR,B123,13:45,13:59,Revisión de todo el bloque conforme no hay incongruencias en interferencias.,
21/05/2026,Actualización de bridas/juntas/rejillas en dampers,BLOR,B113,13:59,15:01,Actualización de bridas/juntas/rejillas en dampers 1405,
21/05/2026,COMIDA,COM,GENERAL,15:01,15:31,COMIDA,
21/05/2026,Actualización de bridas/juntas/rejillas en dampers,BLOR,B113,15:31,16:01,Actualización de bridas/juntas/rejillas en dampers 1405,
22/05/2026,AOYV,DES,GENERAL,6:49,7:16,AOYV,
22/05/2026,Actualización de bridas/juntas/rejillas en dampers,BLOR,B113,7:16,8:54,Actualización de bridas/juntas/rejillas en dampers,
22/05/2026,Actualización de bridas/juntas/rejillas en dampers,BLOR,B313,8:54,10:30,Actualización de bridas/juntas/rejillas en dampers,
22/05/2026,Revisión de dampers y finales,BLOR,GENERAL,10:30,11:06,Se revisan nuevamente los dampers y anexo  que no tengan la medida del conducto y se ponen en color 12Foran,
22/05/2026,Actualización de bridas/juntas/rejillas en dampers,BLOR,B323,11:06,12:32,Actualización de bridas/juntas/rejillas en dampers,
22/05/2026,CAB,DES,GENERAL,12:32,12:46,CAB,
22/05/2026,Varios excel,PROG,GENERAL,12:46,13:00,Varios excel,
25/05/2026,AOYV,DES,GENERAL,6:41,6:54,AOYV,
25/05/2026,Actualización de bridas/juntas/rejillas en dampers,BLOR,B323,6:54,9:48,Actualización de bridas/juntas/rejillas en dampers ducto 1610  1609  1205  1206  F202  F203  F205  F206,
25/05/2026,Reasignación de materiales y troceado de conductos,BLOR,B123,9:48,15:00,Reasignación de materiales y troceado de conductos,
25/05/2026,COMIDA,DES,GENERAL,15:00,15:30,COMIDA,
25/05/2026,Reasignación de materiales y troceado de conductos,BLOR,B123,15:30,16:00,Reasignación de materiales y troceado de conductos,
26/05/2026,AOYV,DES,GENERAL,6:42,7:00,AOYV,
26/05/2026,Reasignación de materiales y troceado de conductos,BLOR,B123,7:00,15:00,Reasignación de materiales y troceado de conductos,
26/05/2026,COMIDA,COM,GENERAL,15:00,15:30,COMIDA,
26/05/2026,Reasignación de materiales y troceado de conductos,BLOR,B123,15:30,16:00,Reasignación de materiales y troceado de conductos,
27/05/2026,AOYV,DES,GENERAL,6:43,7:06,AOYV,
27/05/2026,Reasignación de materiales y troceado de conductos,BLOR,B123,7:06,8:58,Reasignación de materiales y troceado de conductos 2901  0001,
27/05/2026,Revisión de lineas  materiales,BLOR,B123,8:58,9:29,Revisión de líneas  materiales ,
27/05/2026,Se añaden interferencias entre HVAC y bloque en excel,BLOR,B123,9:29,10:04,Se añaden interferencias entre HVAC y bloque en excel,
27/05/2026,Troceado de conductos para inserción de bridas/juntas,BLOR,B123,10:04,12:49,Troceado de conductos para inserción de bridas/juntas,
27/05/2026,Troceado de conductos para inserción de bridas/juntas,BLOR,B123,12:49,13:40,Troceado de conductos para inserción de bridas/juntas 1001-1002,
27/05/2026,Búsqueda de damper diámetro 500,BLOR,B123,13:40,13:48,Búsqueda regulador PRA de Halton para diámetro 500 mm,
27/05/2026,Ciberseguridad píldora #15,INT,GENERAL,13:48,13:56,Ciberseguridad píldora #15,
27/05/2026,Troceado de conductos para inserción de bridas/juntas,BLOR,B123,13:56,15:00,Troceado de conductos para inserción de bridas/juntas 1001-1002,
27/05/2026,COMIDA,COM,GENERAL,15:00,15:30,COMIDA,
27/05/2026,Troceado de conductos para inserción de bridas/juntas,BLOR,B123,15:30,16:01,Troceado de conductos para inserción de bridas/juntas,
28/05/2026,AOYV,DES,GENERAL,6:40,6:59,AOYV,
28/05/2026,Redacción email propuesta alternativa F404,BLOR,B123,6:59,7:04,Redacción email propuesta alternativa F404,
28/05/2026,Troceado de conductos para inserción de bridas/juntas,BLOR,B123,7:04,8:44,Troceado de conductos para inserción de bridas/juntas,
28/05/2026,Revisión de líneas de ductos materiales  bridas juntas,BLOR,B123,8:44,9:58,Revisión de materiales  emplazamiento de las bridas en lugares accesibles  ningún elemento fuera de línea correspondiente  etc.,
28/05/2026,Revisar sin modificar B113 en general de acuerdo a comentarios de Miguel por teams 28/05/2026 9:57,BLOR,B113,9:58,13:30,Revisar sin modificar B113 en general de acuerdo a comentarios de Miguel por teams 28/05/2026 9:57,
28/05/2026,Reasignación de materiales en ductos,BLOR,B313,13:30,15:02,Reasignación de materiales en ductos,
28/05/2026,COMIDA,DES,GENERAL,15:02,15:32,COMIDA,
28/05/2026,Reasignación de materiales en ductos,BLOR,B313,15:32,16:00,Reasignación de materiales en ductos,
29/05/2026,AOYV,DES,GENERAL,6:47,7:16,AOYV,
29/05/2026,Reasignación de materiales en ductos,BLOR,B313,6:47,10:01,Reasignación de materiales en ductos,
29/05/2026,Descanso 20',DES,GENERAL,10:01,10:20,Descanso 20',
29/05/2026,Reasignación de materiales en ductos,BLOR,B313,10:20,12:33,Reasignación de materiales en ductos,
29/05/2026,Varios planificación próxima semana,BLOR,GENERAL,12:33,13:00,Varios planificación próxima semana,
01/06/2026,AOYV,DES,GENERAL,6:40,6:55,AOYV,
01/06/2026,Reasignación de materiales en ductos,BLOR,B313,6:55,15:00,Reasignación de materiales en ductos F103  F102  F104  F106  F101  ,
01/06/2026,COMIDA,COM,GENERAL,15:00,15:30,COMIDA,
01/06/2026,Reasignación de materiales en ductos,BLOR,B313,15:30,16:00,Reasignación de materiales en ductos,
02/06/2026,AOYV,DES,GENERAL,6:39,6:59,AOYV,
02/06/2026,Troceado de conductos para inserción de bridas/juntas,BLOR,B313,6:59,11:21,Troceado de conductos para inserción de bridas/juntas,
02/06/2026,Revisión de lineas de ductos  materiales e interferencias,BLOR,B313,11:21,12:23,Revisión de lineas de ductos  materiales,
02/06/2026,Detección de interferencias,BLOR,B313,12:23,12:48,Detección y registro de interferencias.,
02/06/2026,Revisión de espirotubo en bloque,BLOR,B113,12:48,14:55,Revisión de los espirotubos en B113,
02/06/2026,COMIDA,DES,GENERAL,14:55,15:25,COMIDA,
02/06/2026,Ciberseguridad píldora #16,INT,GENERAL,15:25,15:35,Ciberseguridad píldora #16,
02/06/2026,Revisión de espirotubo en bloque,BLOR,B113,15:35,16:00,Revisión de los espirotubos en B113,
03/06/2026,AOYV,DES,GENERAL,6:37,7:03,AOYV,
03/06/2026,Revisión de espirotubo en bloque,BLOR,B123,7:03,9:30,Revisión de los espirotubos en B123,
03/06/2026,Revisión de espirotubo en bloque,BLOR,B313,9:30,11:05,Revisión de los espirotubos en B313,
03/06/2026,Revisión de espirotubo en bloque,BLOR,B113,11:05,15:01,Revisión de los espirotubos en B113,
03/06/2026,COMIDA,COM,GENERAL,15:01,15:31,COMIDA,
03/06/2026,Revisión de espirotubo en bloque,BLOR,B113,15:31,16:00,Revisión de los espirotubos en B113,
04/06/2026,AOYV,DES,GENERAL,6:38,7:07,AOYV,
04/06/2026,Revisión de espirotubo en bloque,BLOR,B113,7:07,8:30,Revisión de los espirotubos en B113  3301,
04/06/2026,Revisión de materiales y troceado de ductos,BLOR,B323,8:30,15:00,Revisión y troceado de ductos en bloque B323  1602  1604  1603  1605. 1606  1607,
04/06/2026,COMIDA,COM,GENERAL,15:00,15:30,COMIDA,
04/06/2026,Revisión de Excel HVAC,PROG,GENERAL,15:30,16:00,Revisión de la Excel HVAC  implementando los pantalones,
05/06/2026,AOYV,DES,GENERAL,6:43,7:00,AOYV,
05/06/2026,Revisión de materiales,BLOR,B323,7:00,10:00,Revisión de materiales en ductos 1202  1203  1204,
05/06/2026,Descanso 20',DES,GENERAL,10:00,10:18,Descanso 20',
05/06/2026,Revisión de materiales,BLOR,B323,10:18,13:00,Revisión de materiales en ductos 1204  1205  1608  1610  1609  1611,EMPEZAR CON 1612  que es igual al final con damper del 1611 damper de 325x1225
06/06/2026,VACACIONES,VAC,GENERAL,7:00,16:00,VACACIONES,
6/7/2026,VACACIONES,VAC,GENERAL,7:00,16:00,VACACIONES,
6/8/2026,VACACIONES,VAC,GENERAL,7:00,16:00,VACACIONES,
6/9/2026,VACACIONES,VAC,GENERAL,7:00,16:00,VACACIONES,
6/10/2026,VACACIONES,VAC,GENERAL,7:00,16:00,VACACIONES,
6/11/2026,VACACIONES,VAC,GENERAL,7:00,16:00,VACACIONES,
6/12/2026,VACACIONES,VAC,GENERAL,7:00,16:00,VACACIONES,
6/15/2026,VACACIONES,VAC,GENERAL,7:00,16:00,VACACIONES,
6/16/2026,VACACIONES,VAC,GENERAL,7:00,16:00,VACACIONES,
6/17/2026,VACACIONES,VAC,GENERAL,7:00,16:00,VACACIONES,
6/18/2026,VACACIONES,VAC,GENERAL,7:00,16:00,VACACIONES,
6/19/2026,VACACIONES,VAC,GENERAL,7:00,16:00,VACACIONES,
22/06/2026,AOYV,DES,GENERAL,6:39,7:02,AOYV,
22/06/2026,Revisión de materiales,BLOR,B323,7:02,10:39,Revisión de materiales ducto 1612  F201,
22/06/2026,Ciberseguridad #17,INT,GENERAL,10:39,10:47,Ciberseguridad #17,
22/06/2026,Revisión de materiales,BLOR,B323,10:47,15:00,Revisión de materiales ducto F202  F203,
22/06/2026,COMIDA,COM,GENERAL,15:00,15:30,COMIDA,
22/06/2026,Revisión de rejillas en ductos circulares,BLOR,B313,15:30,16:00,Revisión de rejillas en ductos circulares B313,
23/06/2026,AOYV,DES,GENERAL,6:37,6:58,AOYV,
23/06/2026,Revisión de materiales,BLOR,B323,6:58,7:56,Revisión de materiales 3201,
23/06/2026,Fallo en sesión de Navantia por cambio de contraseña,BLOR,GENERAL,7:56,10:37,Fallo en sesión de Navantia por cambio de contraseña. Mientras tanto se está implementando excel con el cálculo para ductos circulares  fabricados y de espirotubo  las medidas para bridas estancas y no estancas  así como la rejilla conectada a la misma,
23/06/2026,Ciberseguridad píldora,INFO,,9:48,9:52,Ciberseguridad pildora,
23/06/2026,Revisión de materiales,BLOR,B323,10:37,13:24,Revisión de materiales 3201,
23/06/2026,Ciberseguridad #18,INT,GENERAL,13:24,13:30,Ciberseguridad #18,
23/06/2026,Troceado de conductos para inserción de bridas/juntas,BLOR,B323,13:30,14:15,Troceado de ductos para inserción de bridas/juntas,
23/06/2026,Reunión Ángel Figueroa Pulido  Carlos Pereira Aparicio  María Isabel Luaces Tenreiro  Vanesa Gabia Barcia  José Antonio Manteiga Presedo,BLOR,B102,14:15,14:38,Varios tema atributos en bloques. Como atributar se verá más tarde con Ángel Figueroa Pulido,
23/06/2026,Reunión con Ángel Figueroa Pulido para cambio atributos bloque,BLOR,B112,14:38,15:00,Cambio de atributos en B112,
23/06/2026,COMIDA,COM,GENERAL,15:00,15:30,COMIDA,
23/06/2026,Varios herramienta atributos de usuario,BLOR,B112,15:30,16:00,Varios herramienta atributos de usuario,
25/06/2026,AOYV,DES,GENERAL,6:36,7:04,AOYV,
25/06/2026,Troceado de conductos para inserción de bridas/juntas,BLOR,B323,7:04,15:00,Troceado de ductos para inserción de bridas/juntas 1606  1607  1608  1609  1611  1612  1202  1203  1204  1205,
25/06/2026,COMIDA,COM,GENERAL,15:00,15:31,COMIDA,
25/06/2026,Troceado de conductos para inserción de bridas/juntas,BLOR,B323,15:31,16:00,Troceado de ductos para inserción de bridas/juntas,
26/06/2026,AOYV,DES,GENERAL,6:43,7:14,AOYV,
26/06/2026,Troceado de conductos para inserción de bridas/juntas,BLOR,B323,7:14,10:14,Troceado de ductos para inserción de bridas/juntas,
26/06/2026,Descanso 20',DES,GENERAL,10:14,10:35,Descanso 20',
26/06/2026,Troceado de conductos para inserción de bridas/juntas,BLOR,B323,10:35,11:22,Troceado de ductos para inserción de bridas/juntas F204  F205  F206,
26/06/2026,Interferencias en bloque,BLOR,B323,11:22,12:36,Interferencias en bloque,
26/06/2026,Varios,DES,GENERAL,12:36,13:00,Varios,
29/06/2026,AOYV,DES,GENERAL,6:36,7:45,AOYV,
29/06/2026,Interferencias en bloque,BLOR,B323,7:45,9:39,Interferencias en bloque,
29/06/2026,Inserción de soportes,BLOR,B123,9:39,15:00,Inserción de soportes D-B123-21EB30S009  D-B123-21EB30S010  21EA30S016  21EA30S017  21EA30S019  21EA30S021  21EA30S022  21EA30S023  21EA30S024  21EA30S025,
29/06/2026,COMIDA,COM,GENERAL,15:00,15:30,COMIDA,
29/06/2026,Varios excel,PROG,GENERAL,15:30,16:00,Varios excel,
30/06/2026,AOYV,DES,GENERAL,6:38,7:10,AOYV,
30/06/2026,Inserción de soportes,BLOR,B123,7:10,12:30,Inserción de soportes 21EA30S027  21EA30S0028  21EB30S011  21EA30S028 a 21EA30S033  11EA30S006  11EA30S007  21EA15S003 a 21EA15S005,Borrar en B123 21EA30S021  21EA30S025 21EA30S026  21EB30S012
30/06/2026,Reunión con Ángel Figueroa Pulido y Miguel Ángel Calvo por Teams,BLOR,B123,12:30,12:52,"Se informa de que el ducto F403 interfiere con llantas y baos  y se llega a una propuesta  para posterior análisis y presentación al cliente, aparte que lo vea Miguel el 6/07/26",
30/06/2026,Realización de propuesta alternativa a ducto F403,BLOR,B123,12:52,14:24,Se modela la propuesta que se va a presentar al cliente,
30/06/2026,Inserción de soportes,BLOR,B123,14:24,15:00,Inserción de soportes en F404 y F405,
30/06/2026,COMIDA,COM,GENERAL,15:00,15:30,COMIDA,
30/06/2026,Nuevo ducto TEST para salvar perfilería estructural,BLOR,B123,15:30,16:00,Nuevo ducto TEST para salvar perfilería estructural,
01/07/2026,AOYV,DES,GENERAL,6:35,7:11,AOYV,
01/07/2026,Nuevo ducto TEST para salvar perfilería estructural,BLOR,B123,7:11,7:30,Nuevo ducto TEST para salvar perfilería estructural,
01/07/2026,Inserción de soportes,BLOR,B113,7:30,10:41,Inserción de soportes en ducto 1402  21EA30S037  21EA30S038. En ducto 1403 11EA30S012  11EA00S003  21EA302S039. Ducto 1806  21EA30S040  21EA30S041  21EA30S042  21EA30S043. Ducto 1805  11EA10S003  11EA30S013. Ducto F304  11EB10S007  11EB30S002  11EB15S002  11EB30S003  11EB30S004.,
01/07/2026,Reunión con Ángel Figueroa Pulido y Miguel Ángel Calvo por Teams,BLOR,B113,10:41,11:06,Consideración de soportes en línea 1811  1808  ,
01/07/2026,Inserción de soportes,BLOR,B113,11:06,11:14,Inserción de soportes,
01/07/2026,Descanso 20',DES,GENERAL,11:14,11:31,Descanso 20',
01/07/2026,Inserción de soportes,BLOR,B113,11:31,11:56,Inserción de soportes en ducto 1808 11MB30S001  21MA30S001  21MA30S002  21MA30S003  21MA30S004,
01/07/2026,Ciberseguridad píldora #19,INT,GENERAL,11:56,12:05,Ciberseguridad píldora #19,
01/07/2026,Inserción de soportes,BLOR,B113,12:05,13:46,Inserción de soportes en ducto 1811 21EA30S044  21EA30S045  21EA30S046  21EA30S047  21EA30S048  21EA30S049,
01/07/2026,Varios excel,PROG,GENERAL,13:46,14:01,Varios excel,
02/07/2026,AOYV,DES,GENERAL,6:35,7:01,AOYV,
02/07/2026,Inserción de soportes,BLOR,B113,7:01,11:00,Inserción de soportes en ducto 1805 21EA30S050  21EA30S051. Ducto 1405 21EA30S052  21ES30S053  21EA302S54  21EA30S055. Ducto 1406 11EA05S00  11EA30S013.,
02/07/2026,Descanso 20',DES,GENERAL,11:00,11:20,Descanso 20',
02/07/2026,Inserción de soportes,BLOR,B113,11:20,13:35,Inserción de soportes en ducto F301 11EB15S003  11EB05S001. Ducto F305 11EB15S002  11EB30S005  21EB30S015. Ducto F306 21EBS016. Ducto F304 21EB00S001. Ducto 1808 21EA30S056,
02/07/2026,Varios excel,PROG,GENERAL,13:35,14:00,Varios excel,
03/07/2026,AOYV,DES,GENERAL,6:41,7:35,AOYV,
03/07/2026,Inserción de soportes,BLOR,B313,7:35,9:58,Inserción de soportes. Ducto 2101 21EB30S017  21EB30S018. Ducto 2103 21EB30S019  11EB30S006  11EB20S001. Ducto 0902 21EA30S057  11EA00S005  11EA30S014.,
03/07/2026,Descanso 20',DES,GENERAL,9:58,10:15,Descanso 20',
03/07/2026,Inserción de soportes,BLOR,B313,10:15,11:58,Inserción de soportes en ducto F106 21EB30S021  Ducto F104 21EB30S022  21EB30S023  21EB30S023  21EB00S002  21EB10S001. Ducto F102 11EB30S008. Ducto F103 21EB30S024  21EB30S025  21EB30S026,
03/07/2026,Inserción de soportes,BLOR,B323,11:58,12:34,Inserción de soportes. Ducto 1204 21EA00S003  21EA30S059,
06/07/2026,AOYV,DES,GENERAL,6:38,7:12,AOYV,
06/07/2026,Inserción de soportes,BLOR,B323,7:12,9:51,Inserción de soportes. Ducto 1204 21EA30S061  21EA30S060  21EA30S059  21EA00S003 . Ducto 1606 21EA30S063  21EA30S064  21EA30S065  21EA30S066  21EA30S067  21EA30S068  21EA30S069 y 21EA30S070. ,
06/07/2026,Descanso 20',DES,GENERAL,9:51,10:10,Descanso 20',
06/07/2026,Inserción de soportes,BLOR,B323,10:10,12:02,Inserción de soportes. Ducto 1605 21EA10S004  21EA30S0071. Ducto 1609 21EA30S072.,
06/07/2026,Reunión por Teams con Miguel,BLOR,GENERAL,12:02,12:12,Se informa a Miguel del estado de los distintos bloques y lo realizado durante su ausencia (básicamente lo indicado en las tarjetas de tareas).,
06/07/2026,Inserción de soportes,BLOR,B323,12:12,13:58,Inserción de soportes. Ducto F206 21EB30S027  21EB00S004  21EB00S005. Ducto F201 21EB00S006  21EB10S002,
07/07/2026,AOYV,DES,GENERAL,6:38,7:09,AOYV,
07/07/2026,Inserción de soportes,BLOR,B323,7:09,9:00,Inserción de soportes. Ducto F201 21EB30S028  21EB30S029. Ducto 1608 21EA30S073  21EA30S074  21EA30S075  21EA30S0076,
07/07/2026,Checklist B123,BLOR,B123,9:00,9:52,Checklist B123,
07/07/2026,Descanso 20',DES,GENERAL,9:52,10:12,Descanso 20',
07/07/2026,Checklist B123,BLOR,B123,10:12,11:00,Checklist B123. Ducto 2007,
07/07/2026,Reunión Miguel  Ángel  José Antonio,BLOR,GENERAL,11:00,12:00,Reunión para ver estado del proyecto BLOR,
07/07/2026,Búsqueda porque se están metiendo bridas no estancas en ductos GS2 de cámaras de máquinas,BLOR,GENERAL,12:00,13:42,Búsqueda porque se están metiendo bridas no estancas en ductos GS2 de cámaras de máquinas,Pantallazo de Miguel  realizado el 7/7/26 donde el 29/04/26 se indica que las bridas de los conductos de cámara de máquinas con espesor 2 mm puede ser brida no estanca
07/07/2026,Varios excel,PROG,GENERAL,13:42,13:53,Varios excel,
08/07/2026,AOYV,DES,GENERAL,6:37,7:00,AOYV,
08/07/2026,Checklist B123,BLOR,B123,7:00,9:14,Checklist B123,
08/07/2026,Ciberseguridad #20,INT,GENERAL,9:14,09:19,Ciberseguridad #20  cadena de suministro,
08/07/2026,Checklist B123,BLOR,B123,9:19,10:13,Checklist B123,
08/07/2026,Descanso 20',DES,GENERAL,10:13,10:30,Descanso 20',
08/07/2026,Checklist B123,BLOR,B123,10:30,13:53,Checklist B123,
09/07/2026,AOYV,DES,GENERAL,6:37,6:54,AOYV,
09/07/2026,Checklist B123,BLOR,B123,6:54,09:53,Checklist B123,
09/07/2026,Descanso 20',DES,GENERAL,9:53,10:13,Descanso 20',
09/07/2026,Checklist B313,BLOR,B313,10:13,11:45,Checklist B313,Plantilla en E:\TRABAJO\09_HVAC\01_LISTAS DE CHEQUEO
09/07/2026,Reunión con Althay formación FDESIGN,FOR,GENERAL,11:45,13:30,Formación FDESIGN,
09/07/2026,Reunión con Miguel,BLOR,GENERAL,13:30,13:52,"Reunión con Miguel  acerca de carpetas de BLUE_ORIGIN en sesión de Navantia  así como la carpeta donde se guardan los planos comentados \\bctecnica\08_HVAC\Planos\_Revisión planos
TARJETAS EN KANBAN ANALIZARLAS EN DETALLE",
10/07/2026,AOYV,DES,GENERAL,6:37,7:20,AOYV,
10/07/2026,Modificación de planos en FDESIGN,BLOR,B112,7:20,9:11,Modificación de planos de disposición de B112,
10/07/2026,Modificación de planos en FDESIGN,BLOR,B112,9:11,9:25,Modificación de plano de despiece ductos de B112,
10/07/2026,Reunión por Teams con Althay,BLOR,GENERAL,9:25,9:45,Varios,
10/07/2026,Varios FDESIGN,FOR,GENERAL,9:45,9:58,Varios FDESIGN,
10/07/2026,Reunión con Miguel por teams,BLOR,GENERAL,9:58,10:09,Vistazo a FDESIGN,
10/07/2026,Descanso 20',DES,GENERAL,10:09,10:25,Descanso 20',
10/07/2026,Varios FDESIGN,FOR,GENERAL,10:25,10:58,Varios FDESIGN,
10/07/2026,Reunión con Miguel por teams,BLOR,GENERAL,10:58,11:22,Reunión con Miguel acerca de FDESIGN. Realizar consultas a Althay,
10/07/2026,Varios FDESIGN,FOR,GENERAL,11:22,12:56,Búsqueda donde se pueden ver los distintos spools desde FDESIGN,
13/07/2026,AOYV,DES,GENERAL,6:37,6:52,AOYV,
13/07/2026,Varios FDESIGN,BLOR,B112,6:52,7:02,Varios FDESIGN,
13/07/2026,Encuesta seguridad salud,DES,GENERAL,7:02,7:09,Encuesta seguridad salud,
13/07/2026,Cambios en planos FDesign,BLOR,B122,7:09,12:55,Cambios en planos con FDesign,
13/07/2026,Reunión por Teams con Miguel,BLOR,B102,12:55,13:00,Reunión acerca de comentarios en B102,
13/07/2026,Comprobación de disposición  ductos y soportes,BLOR,B112,13:00,13:55,Comprobación de disposición  ductos y soportes.,
14/07/2026,AOYV,DES,GENERAL,6:37,7:00,AOYV,
14/07/2026,Revisión de planos B102,BLOR,B102,7:00,8:11,Revisión de planos B102,
14/07/2026,Reunión por Teams con Miguel,BLOR,B102,8:11,8:16,Nuevos elementos a incluir en planos 016N  017N  018N,
14/07/2026,Revisión de planos B102,BLOR,B102,8:16,9:41,Revisión de planos B102,
14/07/2026,Reunión con Nerea del Carmen (Canarias),BLOR,B102,9:41,9:48,Aclaración de varios puntos para HVAC,
14/07/2026,Revisión de planos B102,BLOR,B102,9:48,11:45,Revisión de planos B102,
14/07/2026,Reunión con Miguel,BLOR,B102,11:45,11:50,Vistazo al estado de la revisión del B102  y una duda con una cota,
14/07/2026,Revisión de planos B102,BLOR,B112,11:50,13:33,Revisión de planos B112,
14/07/2026,Varios FDesign,FOR,GENERAL,13:33,13:53,Varios FDesign,
14/07/2026,Varios excel,DES,GENERAL,13:48,13:59,Varios excel,
15/07/2026,AOYV,DES,GENERAL,6:37,7:00,AOYV,
15/07/2026,Impresión planos B112 revisados,BLOR,B112,7:00,7:27,Impresión planos revisados B112,
15/07/2026,Revisión planos B102,BLOR,B102,7:27,9:39,Revisión planos B102,
15/07/2026,Reunión con Miguel,BLOR,B112,9:39,9:41,Reunión con Miguel acerca de planos B112 listos,
15/07/2026,Revisión planos B102,BLOR,B102,9:41,10:06,Revisión planos B102,
15/07/2026,Reunión con Miguel,BLOR,B112,10:06,10:13,Reunión con Miguel,
15/07/2026,Revisión planos B102,BLOR,B102,10:13,10:45,Revisión planos B102,
15/07/2026,Revisión planos B112,BLOR,B112,10:45,11:36,Revisión planos B112,
15/07/2026,Reunión Miguel  Althay  José Antonio,BLOR,GENERAL,11:36,12:22,Aclaración de varios puntos con Miguel y Althay  así como consulta a Serah  respecto a planos y especificaciones de bloques del BLOR,
15/07/2026,Varios recopilación tareas tras reunión por teams,BLOR,GENERAL,12:22,12:28,Varios recopilación tareas,
15/07/2026,Revisión planos B301,BLOR,B301,12:28,12:32,Revisión B301,
15/07/2026,Ciberseguridad píldora #21,DES,GENERAL,12:32,12:34,Ciberseguridad píldora #21,
15/07/2026,Revisión planos B301,BLOR,B301,12:34,12:55,Revisión B301,
15/07/2026,Reunión con Miguel por teams,BLOR,B122,12:55,13:03,Reunión con Miguel por Teams,
15/07/2026,Reunión con Miguel por Teams,BLOR,B112,13:03,13:12,Reunión acerca comentarios en B112,
15/07/2026,Revisión planos B122,BLOR,B122,13:12,13:53,Revisión planos B122 considerando tarjetas  escalas y tamaños de letra,
16/07/2026,AOYV,DES,GENERAL,6:37,6:49,AOYV,
16/07/2026,Revisión planos B122,BLOR,B122,6:49,7:30,Revisión planos B122 considerando tarjetas  escalas y tamaños de letra,
16/07/2026,Revision planos B301,BLOR,B301,7:30,8:25,Revisión plano disposición B301,
16/07/2026,Revisión plano disposición B112,BLOR,B112,8:25,8:50,Revisión disposición B112,
16/07/2026,Revisión plano disposición B122,BLOR,B122,8:50,9:23,Revisión disposición B122,
16/07/2026,Revision planos B301,BLOR,B301,9:23,9:59,Revisión plano disposición B301,
16/07/2026,Descanso 20',DES,GENERAL,9:59,10:19,Descanso 20',
16/07/2026,Reunión por bloques B112 y B122,BLOR,B112-B122,10:19,10:41,Reunión con cambios en B112 y B122,
16/07/2026,Reunión por bloques B112 y B122,BLOR,B112-B122,10:41,11:18,Reunión con cambios en B112 y B122,
16/07/2026,Revision planos B301,BLOR,B301,11:18,13:41,Revisión planos ductos B301,
17/07/2026,AOYV,DES,GENERAL,6:41,7:05,AOYV,
17/07/2026,Revisión planos B301,BLOR,B301,7:05,8:20,Revisión planos B301,
17/07/2026,Planos B321,BLOR,B321,8:20,9:59,Planos B321,
17/07/2026,Descanso 20',DES,GENERAL,9:59,10:14,Descanso 20',
17/07/2026,Revisión planos B301,BLOR,B301,10:14,12:02,Revisión planos B301,
17/07/2026,Planos B321,BLOR,B321,12:02,12:46,Planos B321,
20/07/2026,AOYV,DES,GENERAL,6:38,7:02,AOYV,
20/07/2026,Revision planos B301,BLOR,B301,7:02,7:51,Revisión planos B301  disposición y soportes,
20/07/2026,Revisión planos B101,BLOR,B101,7:51,8:20,Planos B101  actualización de acuerdo a notas generales tarjetas,
20/07/2026,Revisión planos B301,BLOR,B301,8:20,8:48,Revisión planos B301,
20/07/2026,Revisión planos B101,BLOR,B101,8:48,9:40,Plano de disposición  B101  actualización de acuerdo a notas generales tarjetas y plano de disposición de B112 (todo en una hoja),
20/07/2026,Revisión planos B101,BLOR,B101,9:40,9:56,Plano de ductos B101.,
20/07/2026,Descanso 20',DES,GENERAL,9:56,10:07,Descanso 20',
20/07/2026,Revisión planos disposición B301,BLOR,B301,10:07,10:12,Revisión planos disposición B301. Comentarios con Sergio Arroyo para reescalado de secciones en plano de disposición,
2026-07-20,Reunión por Teams con Sergio Arroyo,BLOR,B301,10:12,10:56,Reunión con Sergio Arroyo,
2026-07-20,Revisión de bloque B101,BLOR,B101,10:56,10:56,Planos B101  actualización de acuerdo a notas generales tarjetas,
2026-07-20,Reunión por Teams con Miguel,BLOR,GENERAL,10:56,11:07,Reunión por Teams con Miguel  varios,
2026-07-20,Revisión planos bloque B101,BLOR,B101,11:07,12:45,Varios planos B101,
2026-07-20,Reunión por Teams con Miguel,BLOR,GENERAL,12:45,12:55,Varios,
2026-07-20,Revisión planos B301,BLOR,B301,12:55,13:36,Varios B301,
2026-07-20,Reunión por Teams con Miguel,BLOR,GENERAL,13:36,13:50,Varios para realización de plano para presentar a Sociedad de Clasificación,
2026-07-20,Varios,BLOR,B101,13:50,13:55,Varios B101,
2026-07-21,AOYV,DES,GENERAL,6:37,7:03,Varios,
2026-07-21,Modificación planos B101,BLOR,B101,7:03,7:13,Finalización de planos B101. Planos de ductos,
2026-07-21,Planos  de soportes B101,BLOR,B101,7:13,7:33,Finalización de planos B101. Planos de soportes,
2026-07-21,Planos SdC en Microstation,BLOR,GENERAL,7:33,13:53,Planos para SdC en Microstation,
2026-07-22,VACACIONES,VAC,GENERAL,7:00,14:00,VACACIONES,
2026-07-23,Planos sSdC en Microstation,BLOR,GENERAL,6:39,12:50,Planos SdC Microstation,
2026-07-23,Descanso 20',DES,GENERAL,12:50,13:10,Descanso 20',
2026-07-23,Planos sSdC en Microstation,BLOR,GENERAL,13:10,13:53,Planos SdC Microstation. Peleando con la hoja 002A FAN LIST,
2026-07-24,AOYV,DES,GENERAL,6:38,7:00,AOYV,
2026-07-24,Planos SdC en Microstation,BLOR,GENERAL,7:00,9:32,Planos SdC Microstation. 002A  plantas cubiertas 003A  003B,
2026-07-24,Descanso 20',DES,GENERAL,9:32,9:48,Descanso 20',
2026-07-24,Planos SdC en Microstation,BLOR,GENERAL,9:48,10:11,Planos SdC Microstation. 002A  plantas cubiertas 003A  003B,
2026-07-24,Reunión por Teams con Miguel,BLOR,GENERAL,10:11,10:23,Comentarios a los planos para enviar a la SdC,
2026-07-24,Planos SdC en Microstation,BLOR,GENERAL,10:23,12:10,Planos SdC Microstation. Modificaciones varias,
2026-07-24,Ciberseguridad píldora #22,INT,GENERAL,12:10,12:27,Ciberseguridad píldora #22,
2026-07-24,Planos SdC en Microstation,BLOR,GENERAL,12:27,12:54,Planos SdC Microstation. Modificaciones varias,
2026-07-27,AOYV,DES,GENERAL,6:36,6:54,AOYV,
2026-07-27,Planos SdC en Microstation,BLOR,GENERAL,6:54,12:19,Planos SdC Microstation. Modificaciones varias,
2026-07-27,Reunión por Teams con Miguel comentarios a planos,BLOR,GENERAL,12:19,12:52,Comentarios a los planos para enviar a la SdC,
2026-07-27,Planos SdC en Microstation,BLOR,GENERAL,12:52,13:00,Revisión de planos de acuerdo a comentarios de Miguel,
2026-07-27,Descanso 20',DES,GENERAL,13:00,13:15,Descanso 20',
2026-07-27,Planos SdC en Microstation,BLOR,GENERAL,13:15,13:55,Revisión de planos de acuerdo a comentarios de Miguel,
2026-07-28,AOYV,DES,GENERAL,6:36,6:58,AOYV,
2026-07-28,Planos SdC en Microstation,BLOR,GENERAL,6:58,13:49,Revisión de planos de acuerdo a comentarios de Miguel,
2026-07-29,AOYV,DES,GENERAL,6:32,6:54,AOYV,
2026-07-29,Planos SdC en Microstation,BLOR,GENERAL,6:54,13:52,Revisión de planos de acuerdo a comentarios de Miguel,
2026-07-30,AOYV,DES,GENERAL,6:30,6:55,AOYV,
2026-07-30,Planos SdC en Microstation,BLOR,GENERAL,6:55,12:07,Realización en espacio modelo los planos correspondientes a las cubiertas del buque hojas 003XXX,
2026-07-30,Descanso 20',DES,GENERAL,12:07,12:27,Descanso 20',
2026-07-30,Planos SdC en Microstation,BLOR,GENERAL,12:27,13:46,Revisión de planos generados en pdf  comparándolos con los comentados y los originales.,
2026-07-31,AOYV,DES,GENERAL,6:35,6:52,AOYV,
2026-07-31,Planos SdC en Microstation,BLOR,GENERAL,6:52,12:18,Revisión de planos de acuerdo a comentarios de Miguel,
2026-07-31,Descanso 20',DES,GENERAL,12:18,12:38,Descanso 20',
2026-07-31,Planos SdC en Microstation,BLOR,GENERAL,12:38,13:36,Revisión de planos de acuerdo a comentarios de Miguel,
2026-08-03,AOYV,DES,GENERAL,6:36,7:21,AOYV,
2026-08-03,Varios,FOR,GENERAL,7:21,7:25,Vistazo en Microstation  poner unos niveles por encima de otros.,
2026-08-03,Actualizaciones del sistema,DES,GENERAL,7:25,7:37,Actualizaciones del sistema,
2026-08-03,Varios,FOR,GENERAL,7:37,11:00,Vistazo en Microstation  poner unos niveles por encima de otros.,Recuperación del fichero de backup por problemas varios
2026-08-03,Revisión planos B302,BLOR,B302,11:00,13:00,Revisión plano disposición B302,
2026-08-03,Descanso 20',DES,GENERAL,13:00,13:20,Descanso 20',
2026-08-03,Revisión planos B302,BLOR,B302,13:20,13:51,Revisión de planos ductos B302,
2026-08-04,AOYV,DES,GENERAL,6:33,7:06,AOYV,
2026-08-04,Revisión planos B302,BLOR,B302,7:06,8:20,Revisión de planos ductos B302,
2026-08-04,Reunión por teams con Miguel,BLOR,B102,8:20,8:31,Cambios en planos bridas y juntas de ductos  diámetro taladros de 12 a 10 mm,
2026-08-04,Revisión de planos B102,BLOR,B102,8:31,9:20,Cambio en taladros de bridas rectangulares no estancas y juntas  se pasa de diámetro 12 a diámetro 10 mm  de acuerdo al estándar,
2026-08-04,Revisión planos B302,BLOR,B302,9:20,10:07,Impresión planos B302,
2026-08-04,Experimentos con el plano de Microstation,FOR,GENERAL,10:07,11:01,Experimentando con copia del plano de Microstation  para conseguir poner los elementos de color negro  sobre los de color gris,Fichero guardado en la carpeta downloads. A la espera de que mi RT me dé más trabajo
2026-08-04,Plano SdC de Microstation,BLOR,GENERAL,11:01,12:02,Modificación de los objetos que simulan texto a entidad de texto editable,
2026-08-04,Descanso 20',DES,GENERAL,12:02,12:18,Descanso 20',
2026-08-04,Plano SdC de Microstation,BLOR,GENERAL,12:18,12:32,Modificación de los objetos que simulan texto a entidad de texto editable,
2026-08-04,Plano SdC de Microstation,BLOR,GENERAL,12:32,12:35,Modificación hoja 003C,
2026-08-04,Reunión por Teams con Miguel,BLOR,GENERAL,12:35,12:50,intento de conversión de ductos  elementos hvac y equipos de todo el buque (solo hvac) a .jt. A Miguel le dio fallos  y a mi tambien,
2026-08-04,Plano SdC de Microstation,BLOR,GENERAL,12:50,13:52,Modificación hoja 003C,
2026-08-05,AOYV,DES,GENERAL,6:33,6:48,AOYV,
2026-08-05,Plano SdC de Microstation,BLOR,GENERAL,6:48,8:12,Modificación hoja 003C PLAN 11-7B  PLAN 11-4B,
2026-08-05,Plano SdC de Microstation,BLOR,GENERAL,8:12,8:26,Modificación hoja 003C PLAN 12-7B  PLAN 12-4B,
2026-08-05,Investigación en Microstation,FOR,GENERAL,8:26,9:01,Investigar como se puede activar la prioridad en Microstation  para poner los elementos en color gris (sea cual sea su nivel)  por debajo de los de color negro.,
2026-08-05,Revisión planos B302,BLOR,B302,9:01,9:21,Se cambia el número de plano en los planos de soportes.,
2026-08-05,Plano SdC de Microstation,BLOR,GENERAL,9:21,11:12,Se recortan elementos de las capas en gris para que no pisen a los textos,
2026-08-05,Plano SdC de Microstation,BLOR,GENERAL,11:12,12:01,Revisión en hojas 003XXX. Comprobación de interferencias textos con objetos  o alguna cosa que haya que mover o eliminar,
2026-08-05,Macro microstation,BLOR,GENERAL,12:01,12:08,Varios en plano .dgn de prueba. Cambio de color de los textos de todas las celdas mediante macro,
2026-08-05,Plano SdC de Microstation,BLOR,GENERAL,12:08,13:07,"Más modificaciones por RT:
1- Solo indice en negrita  el resto no.
2- Tabla de instrumentación con tipo de letra distinta al resto.
3- Tabla de control de revisiones con texto más grande que el resto del plano.
4- Página 002E textos de detalles tipo de letra distinto al resto.
5- Textos con flecha mal referenciados 003XXX",
2026-08-05,Descanso 20',DES,GENERAL,13:07,13:26,Descanso 20',
2026-08-05,Plano SdC de Microstation,BLOR,GENERAL,13:26,13:48,"Más modificaciones por RT:
1- Textos mal referenciados en hojas 003XXX",
2026-08-06,AOYV,DES,GENERAL,6:34,7:07,AOYV,
2026-08-06,Plano SdC de Microstation,BLOR,GENERAL,7:07,8:52,Verificación de los cambios realizados el 05/08/2026. Ver que no falta nada,
2026-08-06,Varios Microstation,FOR,GENERAL,8:52,9:20,Ver como se puede cambiar el color de los textos de una tabla  sin tener que ir celda por celda.,
2026-08-06,Reunión con Miguel por Teams,BLOR,B113,9:20,9:36,"Se abordan las modificaciones a realizar:
1- Rojo 1811  ver que soportes se pueden usar  echándole un vistazo a la macro de soportes.
2- Azul  hacer conducto virtual en TEST para añadir soportes.
3- Verde  centrar más los soportes en 1402 y 1405.
4- Naranja  1805 añadir soportes si se puede. Estudiar el tema y darle una vuelta al respecto.",
2026-08-06,Varios Microstation macro,FOR,GENERAL,9:36,10:15,Macro CambioColorTextoTabla(),
2026-08-06,Reunión con Jesús  director técnico BAC,BAC2,GENERAL,10:15,10:30,Comentarios acerca del trabajo en la disciplina de estructuras  y un poco mi experiencia profesional previa.,
2026-08-06,Modificaciones en soportes B113,BLOR,B113,10:30,11:20,"Modificaciones de acuerdo a:
1- Rojo 1811  ver que soportes se pueden usar  echándole un vistazo a la macro de soportes.
2- Azul  hacer conducto virtual en TEST para añadir soportes.
3- Verde  centrar más los soportes en 1402 y 1405.
4- Naranja  1805 añadir soportes si se puede. Estudiar el tema y darle una vuelta al respecto.",
2026-08-06,Modificaciones en soportes B113,BLOR,B113,11:20,12:35,Estudio de la macro para añadir el soporte adecuado para el tramo en color rojo de la imagen que me envió Miguel el 06/08/2026 a las 9:35. Soporte 21EB25S001,
2026-08-06,Descanso 20',DES,GENERAL,12:35,12:55,Descanso 20',
2026-08-06,Modificaciones en plano SdC Microstatin,BLOR,GENERAL,12:55,13:29,Modificaciones al plano en Microstation para SdC  de acuerdo a lo indicado por Miguel.,
2026-08-06,Varios para cambiar mañana a estructuras,DES,GENERAL,13:29,13:49,Varios para cambiar mañana a la disciplina de Estructuras,
2026-08-07,Cambio de HVAC a Estructuras,DES,GENERAL,6:36,7:10,Cambio de HVAC a Estructuras,
2026-08-07,AOYV,DES,GENERAL,7:10,7:38,AOYV,
2026-08-07,Varios,DES,GENERAL,7:38,7:45,Varios excel,
2026-08-07,Píldora de ciberseguridad #24,DES,GENERAL,7:45,7:49,Píldora de ciberseguridad #24,
2026-08-07,Intentar acceso a BAC en Navantia,BAC2,GENERAL,7:49,8:30,Intento de acceso a escritorio de Navantia  para proyecto BAC,
2026-08-07,Anidado de perfiles 6000's,BAC2,B241,8:30,10:28,Anidados en B241  6000 al 6048. Los 6025  6026  6045  6046  6047  6048 no tienen texto del número de corte,
2026-08-07,Anidados de chapa 3000's,BAC2,B241,10:28,11:10,Anidados de chapa 3003-3007,
2026-08-07,Anidado de perfiles 6000's,BAC2,B241,11:10,11:21,Anidados en B241  6025-6026  6045 a 6048,
2026-08-07,Anidados de chapa 3000's,BAC2,B241,11:21,11:50,Anidados de chapa 3007-3011,
2026-08-07,Descanso 20',DES,GENERAL,11:50,12:10,Descanso 20',
2026-08-07,Anidados de chapa 3000's,BAC2,B241,12:10,12:29,Anidados de chapa 3007-3019,
2026-08-07,Anidados de chapa 3000's,BAC2,B241,12:29,12:54,Anidados de chapa 3014 y 3007,
2026-08-10,AOYV,BAC2,GENERAL,6:36,7:24,AOYV,Problemas para arranque de escritorio remoto  al final tuve que arrancarlo desde Firefox
2026-08-10,Anidado de chapa 1000's,BAC2,B241,7:24,9:43,Anidado de chapa 1010-1001,Se vuelven a revisar  por eliminar cosas de más.
2026-08-10,Reunión con Miguel Ángel López García,BAC2,B241,9:43,9:54,Vistazo a los comentarios para revisión/actualización en FDesign,
2026-08-10,Revisión actualizacion planos de intermedios,BAC2,B241,9:54,10:19,Revisión de planos de intermedios,
2026-08-10,Descanso 20',DES,GENERAL,10:19,10:36,Descanso 20',
2026-08-10,Revisión maquillaje 1000's,BAC2,B241,10:36,13:51,Revisión de maquillaje de chapas B241 1000's: 1010-1001,
2026-08-11,AOYV,DES,GENERAL,6:34,6:57,AOYV,
2026-08-11,Revisión de planos 1000's,BAC2,B241,6:57,7:45,Revisión de planos 1000's,
2026-08-11,Reunión con Ramón,BAC2,B241,7:45,8:20,Aclaración de comentarios a los comentarios realizados en pdfs,
2026-08-11,Modificaciones en planos,BAC2,B241,8:20,10:04,Modificaciones en planos de acuerdo a los comentarios realizados por Jesús,
2026-08-11,Descanso 20',DES,GENERAL,10:04,10:20,Descanso 20',
2026-08-11,Modificaciones en planos de planchas 1000's,BAC2,B241,10:20,12:19,Modificaciones en planos de acuerdo a comentario de Jesús y un .e2   nuevo  el 1001,
2026-08-11,Productos intermedios,BAC2,B241,12:19,12:30,Modificación de planos de productos intermedios  BAC-24111504803,
2026-08-11,Funcionamiento de FNEST ,FOR,GENERAL,12:30,13:07,Se ve con Unai el funcionamiento de FNEST y NCPANEL,
2026-08-11,Creacion de varios anidados,BAC2,B241,13:07,13:50,Creación de varios anidados en FNEST,
2026-08-12,AOYV,DES,GENERAL,6:34,6:56,AOYV,
2026-08-12,Varios,DES,GENERAL,6:56,7:13,Varios,
2026-08-12,Píldora de ciberseguridad #25,DES,GENERAL,7:13,7:18,Píldora de ciberseguridad #25,
2026-08-12,Productos intermedios,BAC2,B241,7:18,8:05,Vistazo a los comentario de productos intermedios  comprobando en .e2 la solución adoptada,
2026-08-12,Anidado de planchas 1000's,BAC2,B241,8:05,8:45,"Modificación de anidados de chapa 1005  1006  1007  1008  1010. 1009 es un caso especial  porque viene del bloque B210, por lo tanto en el plano de 1009  en la parte inferior se modifica el correspondiente a usado",
2026-08-12,Estudio del estándar de estructuras,FOR,GENERAL,8:45,8:57,Estudio del estándar de estructuras.,
2026-08-12,Anidado de planchas 1000's,BAC2,B241,8:57,9:00,Modificacion de anidados de plancha 1000,
2026-08-12,Estudio del estándar de estructuras,FOR,GENERAL,9:00,9:05,Estudio del estándar de estructuras.,
2026-08-12,Anidado de planchas 1000's,BAC2,B241,9:05,9:59,Modificaciones en 1004  1005  1006  1007  1008  1010,
2026-08-12,Descanso 20',DES,GENERAL,9:59,10:14,Descanso 20',
2026-08-12,Anidado de planchas 1000's,BAC2,B241,10:14,10:42,Modificaciones en 1008  1010,
2026-08-12,Anidado de planchas 3000's,BAC2,B241,10:42,10:54,Modificaciones en 3000  3011 donde se meten las cotas,
2026-08-12,Anidado de planchas 3000's,BAC2,B241,10:54,11:01,Modificaciones de 3001  ,
2026-08-12,Productos intermedios,BAC2,B241,11:01,12:44,Revisión de productos intermedios BAC-241101202801 NL 801  NL 800  NL 802  NL 808  NL 811  NL 812,
2026-08-12,Anidado de perfiles 6000's,BAC2,B241,12:44,12:47,Anidado de perfiles 6000's  donde se sacan cotas,
2026-08-12,Varios espera de tarea,DES,GENERAL,12:47,12:55,Break a la espera de que Ramón añada etiquetas a los anidados 6000's,
2026-08-12,Anidado de perfiles 6000's,BAC2,B241,12:55,13:26,Anidado 6000's varios perfiles ,
2026-08-12,Varios,DES,GENERAL,13:26,13:52,Varios excel,
2026-08-13,AOYV,DES,GENERAL,6:34,7:15,AOYV,
2026-08-13,Varios excel,PROG,GENERAL,7:15,7:55,Varios excel,
2026-08-13,Recortes en FNEST,FOR,GENERAL,7:55,8:32,Realización de recortes en FNEST (restos de plancha que sobra y se pueden usar para otros recortes de otro bloque),
2026-08-13,Vistazo a la guía de diseño de estructura,BAC2,GENERAL,8:32,9:12,Vistazo a la guía de estructuras de Navantia para BAC,
2026-08-13,Anidado de ficheros e2 3000's con recortes,BAC2,B241,9:12,9:38,Modificación de planos .e2 con recortes en planchas 3000's,
2026-08-13,Vistazo a la guía de diseño de estructura,BAC2,GENERAL,9:38,10:01,Vistazo a la guía de estructuras de Navantia para BAC,
2026-08-13,Descanso 20',DES,GENERAL,10:01,10:18,Descanso 20',
2026-08-13,Vistazo a la guía de diseño de estructuras,BAC2,GENERAL,10:18,11:47,Vistazo a la guía de estructuras de Navantia para BAC,
2026-08-13,Anidado de ficheros e2 6000's de perfiles,BAC2,B241,11:47,12:06,Modificacion de planos .e2 en perfiles 6000's,
2026-08-13,Vistazo a la guía de diseño de estructura,BAC2,GENERAL,12:06,12:30,Vistazo a la guía de estructuras de Navantia para BAC,
2026-08-13,Generación de lotes de planchas,BAC2,B242,12:30,13:54,Generación de lotes de planchas 1000's. 1018  1017  1016  1015  1014  1013  1012  1011  1010,
2026-08-14,AOYV,DES,GENERAL,6:37,7:13,AOYV,
2026-08-14,Vistazo a la guía de diseño de estructuras,BAC2,GENERAL,7:13,7:33,Vistazo a la guía de estructuras de Navantia para BAC,
2026-08-14,Generación de lotes de planchas,BAC2,B242,7:33,8:30,Generación de lotes de planchas 1000's. 1009  1008  1007  1006  1005.,
2026-08-14,Generación de secuencias de corte ,BAC2,B242,8:30,8:56,Generación de secuencias de corte 1008  1006  1007  1008  1009  1010  1011  1012  1013  1014  1015  1016  1017  1018,
2026-08-14,Exportacion de lotes de planchas a .e2,BAC2,B242,8:56,9:03,Exportación a .e2,
2026-08-14,Maquillaje de .e2 planchas,BAC2,B242,9:03,9:52,Maquillaje de .e2 del 1005 al 1018,
2026-08-14,Descanso 20',DES,GENERAL,9:52,10:07,Descanso 20',
2026-08-14,Maquillaje de .e2 planchas,BAC2,B242,10:07,11:26,Maquillaje de .e2 del 1005 al 1018,Faltan detalles de soldadura en 1007 y 1008. En 1018 no coinciden las medidas de las diagonales
2026-08-14,Vistazo a especificación de soldadura estructuras,BAC2,B242,11:26,12:05,Revisión y análisis de los detalles de soldeo/preparación bordes,
2026-08-14,Generación planos .e2,BAC2,B242,12:05,12:21,Generación de planos .e2 del 1000 al 1004,
2026-08-14,Maquillaje de .e2 planchas,BAC2,B242,12:21,13:00,Maquillaje de .e2 del 1005 al 1018,
2026-08-17,AOYV,DES,GENERAL,6:36,7:13,AOYV,
2026-08-17,Maquillaje de .e2 planchas,BAC2,B242,7:13,9:13,Maquillaje de .e2  1003,
2026-08-17,Maquillaje de .e2 planchas,BAC2,B242,9:13,9:45,Maquillaje de .e2  1004,
2026-08-17,Descanso 20',DES,GENERAL,9:45,10:04,Descanso 20',
2026-08-17,Maquillaje de .e2 planchas,BAC2,B242,10:04,10:15,Maquillaje de .e2  1005,
2026-08-17,Maquillaje de .e2 perfiles 4000's,BAC2,B242,10:15,11:01,Maquillaje de perfiles .e2  4000  4001  4002  4003  4004  4005  4006  4007  4008  4009  4010  4011  4012  4013  4014  4015  4016  4017  4018  4019,
2026-08-17,Maquillaje de .e2 perfiles 6000's,BAC2,B242,11:01,11:38,Maquillaje de perfiles .e2  6000 a 6024,
2026-08-17,Maquillaje de .e2 perfiles 6000's,BAC2,B242,11:38,12:01,Maquillaje de perfiles .e2  6025 a 6047,
2026-08-17,Se sacan nuevos .e2,BAC2,B242,12:01,12:14,Se sacan nuevos .e2 del 6011 al 6014 ambos inclusive,
2026-08-17,Solicitada nueva tarea  modificaciones en excel,DES,GENERAL,12:14,12:56,Solicitada nueva tarea  mientras tanto hago modificaciones en excel,
2026-08-17,Maquillaje .e2 planchas 1000's,BAC2,B241,12:56,13:09,Maquillaje .e2 1011 y 1012,No se pudo completar por falta de datos y elementos heredados de FNEST
2026-08-17,Maquillaje .e2 planchas 1000's,BAC2,B241,13:09,13:14,Maquillaje .e2 1011 y 1012,No se pudo completar por falta de datos y elementos heredados de FNEST
2026-08-17,Espera de que preparen .e2 de 1011 y 1012,BAC2,B241,13:14,13:16,En espera de que preparen .e2 de 1011 y 1012 de planchas,
2026-08-17,Maquillaje .e2 planchas 3000's,BAC2,B241,13:16,13:26,Maquillaje .e2 3014,
2026-08-17,Maquillaje .e2 planchas 1000's,BAC2,B241,13:26,13:35,Maquillaje .e2 1011 y 1012,
2026-08-17,Aviso a dirección de proyecto para nueva tarea,BAC2,GENERAL,13:35,13:50,Director BAC2  avisado para darme nueva tarea,Nueva tarea de acuerdo a notas libreta
2026-08-18,AOYV,DES,GENERAL,6:34,7:13,AOYV,
2026-08-18,Modificación planos GR,BAC2,B241,7:13,9:23,Modificación de planos GR5 .e2 del SB1,
2026-08-18,Modificación planos GR,BAC2,B241,9:23,10:02,Modificacion de planos GR5 .e2 del SB3,
2026-08-18,Descanso 20',DES,GENERAL,10:02,10:14,Descanso 20',
2026-08-18,Modificación planos GR,BAC2,B241,10:14,10:44,Modificacion de planos GR5 .e2 del SB3,
2026-08-18,Maquilla .e2 planchas 1000's,BAC2,B242,10:44,10:55,Maquillaje .e2 1019 y 1020,
2026-08-18,Solicitada nueva tarea,DES,GENERAL,10:55,10:59,Solicitada nueva tarea.,
2026-08-18,Creación de NCPANEL,BAC2,B242,10:59,11:25,Creación del panel NL809,
2026-08-18,Productos intermedios con Miguel,BAC2,B242,11:25,13:23,Formación mínima para la generación de productos intermedios y generacion de productos intermedios,A la par se prepara manual FDesign
2026-08-18,Generación de previas,BAC2,B242,13:23,13:55,Generacion de previas,
2026-08-19,AOYV,DES,GENERAL,6:33,7:27,AOYV,
2026-08-19,Generación de previas,BAC2,B242,7:27,10:04,Generacion de previas. Cumplimentación de planos generados con distintos datos necesarios en el plano,
2026-08-19,Descanso 20',DES,GENERAL,10:04,10:17,Descanso 20',
2026-08-19,Generación de previas,BAC2,B242,10:17,11:12,Modificaciones de planos de previas. Se añaden marcas LC  LB y cuadernas,Materiales no se han añadido por no tener el FDesign totalmente operativo
2026-08-19,Maquilla .e2 planchas 1000's,BAC2,B242,11:12,11:52,Maquillaje .e2 1003  1002  1001 y 1000,
2026-08-19,Generación de previas,BAC2,B242,11:52,12:06,Modificaciones de planos de UL 07  donde se añaden marcas LC  Lb u cuadernas,Materiales no se han añadido por no tener el FDesign totalmente operativo
2026-08-19,Maquilla .e2 planchas 1000's,BAC2,B242,12:06,12:29,Maquillaje .e2 1005  1006  1007,
2026-08-19,Generación de previas,BAC2,B242,12:29,12:53,Modificaciones de planos de UL 07  donde se añaden marcas LC  Lb u cuadernas,Materiales no se han añadido por no tener el FDesign totalmente operativo
2026-08-19,Maquilla .e2 planchas 1000's,BAC2,B242,12:53,13:05,Maquillaje .e2 1010  1009  1008,
2026-08-19,Generación de previas,BAC2,B242,13:05,13:33,Modificaciones de planos de UL 07  donde se añaden marcas LC  Lb u cuadernas,Materiales no se han añadido por no tener el FDesign totalmente operativo
2026-08-20,AOYV,DES,GENERAL,6:32,7:03,AOYV,
2026-08-20,Maquilla .e2 planchas 1000's,BAC2,B242,7:03,8:06,Maquillaje .e2  1011  1012  1012  1014,Trabajando desde navegador web. Omnissa Horizon Client ni está ni se le espera
2026-08-20,Maquillajde de  UL,BAC2,B242,8:06,9:18,Maquillaje .e2 de UL06,Materiales no se han añadido por no tener el FDesign totalmente operativo
2026-08-20,Maquilla .e2 planchas 3000's,BAC2,B242,9:18,10:00,Maquillaje .e2  3000  3001  3002  3003  3004  3005,
2026-08-20,Descanso 20',DES,GENERAL,10:00,10:20,Descanso 20',
2026-08-20,Maquilla .e2 planchas 3000's,BAC2,B242,10:20,11:13,Maquillaje .e2 3006  3007  3008  3009  3010  3011  3012  3013  3014  3015  3016  3017  3018  3019,
2026-08-20,Píldora ciberseguridad #26,DES,GENERAL,11:13,11:24,Píldora ciberseguridad #26,
2026-08-20,Maquillajde de  UL,BAC2,B242,11:24,13:26,Maquillaje .e2 de UL06,Materiales no se han añadido por no tener el FDesign totalmente operativo
2026-08-20,Planos previas,BAC2,B243,13:26,13:35,Plano .e2 previa PT301,
2026-08-21,AOYV,DES,GENERAL,6:36,7:16,AOYV,
2026-08-21,Planos previas,BAC2,B243,7:16,7:50,Plano .e2 previa PT301,
2026-08-21,Planos previas,BAC2,B243,7:50,9:46,Plano .e2 GR1 previas PT302  PT303  PT304  PT305  PT306  PT 308.,Sin etiquetas por permisos Foran
2026-08-21,Descanso 20',DES,GENERAL,9:46,10:01,Descanso 20',
2026-08-21,Revisión de paneles,BAC2,B242,10:01,13:00,Implementación de comentarios a paneles NL801,
2026-08-24,AOYV,DES,GENERAL,6:35,7:00,AOYV,
2026-08-24,Revisión de paneles,BAC2,B242,7:00,8:54,Implementación de comentarios en panel NL 802  NL 800  NL 803,
2026-08-24,Espera de tarea,BAC2,GENERAL,8:54,9:09,Espera de tarea (Miguel Ángel López García),
2026-08-24,Revisión de UL,BAC2,B242,9:09,9:34,Implementación de comentarios en UL05 SB4,
2026-08-24,Vistazo a comentarios en UL de SB2,BAC2,B242-SB2,9:34,9:56,Vistazo a comentarios en B242-SB2-ULXX,
2026-08-24,Descanso 20',DES,GENERAL,9:56,10:11,Descanso 20',
2026-08-24,Revisión de comentarios,BAC2,B242-SB2-GR3-UL02,10:11,10:54,Revisión comentarios a UL02,He perdido mucho tiempo por comentarios muy escuetos y nada claros
2026-08-24,Planos previas,BAC2,B243-SB3-GR4-CS89,10:54,12:10,Plano .e2 PS271  PS270  PS269  PS268  PS267,
2026-08-24,Planos UAs  en espera de planos por compañeros Canarias,BAC2,B243-SB3-UA1,12:10,12:30,Planos UAs  en espera de planos por compañeros Canarias,
2026-08-24,Planos UAs,BAC2,B243-SB3-UA1,12:30,13:50,Relleno planos UA1,
2026-08-25,AOYV,DES,GENERAL,6:31,6:55,AOYV,
2026-08-25,Revisión de previas B242,BAC2,B242,6:55,7:40,Revisión de planos previas PT300,Se tiene que entrar a través de web por no funcionar Omnissa
2026-08-25,Reinstalación por IT,BAC2,GENERAL,7:40,8:01,Reinstalación de Omnissa porque no funcionaba,
2026-08-25,Revisión de previas,BAC2,B242-PI-SB4-PREVIAS,8:01,8:37,Revisión de PS230  PS237  PS226.,
2026-08-25,Revisión de unidades lineales UL,BAC2,B242-PI-SB2-UL02,8:37,9:16,Revisión de UL02,
2026-08-25,Revisión de unidades lineales UL,BAC2,B242-PI-SB2-UL01,9:16,9:48,Revisión de UL01,
2026-08-25,Descanso 20',DES,GENERAL,9:48,10:03,Descanso 20',
2026-08-25,Revisión de unidades lineales UL,BAC2,B242-PI-SB2-UL03,10:03,10:20,Revisión de UL03,
2026-08-25,Revisión de unidades lineales UL,BAC2,B242-PI-SB2-UL10,10:20,12:29,Revisión de UL10,
2026-08-25,Revisión de unidades lineales UL,BAC2,B242-PI-SB2-UL11,12:29,12:45,Revisión de UL11,
2026-08-25,Revisión de unidades lineales UL,BAC2,B242-PI-SB2-UL04,12:45,13:01,Revisión de UL04,
2026-08-25,Comentarios jefe estructuras,BAC2,B242,13:01,13:28,Comentarios acerca de lo que hay que implementar,
2026-08-25,Revisión de previas,BAC2,B242-PI-SB2-PREVIAS-PT300,13:28,13:38,Revisión PT300,
2026-08-25,Generación .e3,BAC2,B242-SB2,13:38,13:45,Generación de .e3 de GR 1,
2026-08-25,Comentarios jefe estructuras,BAC2,B242,13:45,13:51,Comentarios con jefe estructuras para organizar trabajo para mañana,
2026-08-26,AOYV,DES,GENERAL,6:34,6:55,AOYV,
2026-08-26,Revisión de unidades lineales UL,BAC2,B242-PI-SB2-UL02,6:55,7:01,Revisión UL02,
2026-08-26,Revisión de unidades lineales UL,BAC2,B242-PI-SB2-UL03,7:01,7:11,Revisión UL03,
2026-08-26,Revisión de unidades lineales UL,BAC2,B242-PI-SB2-UL10,7:11,7:22,Revisión UL10,
2026-08-26,Revisión de unidades lineales UL,BAC2,B242-PI-SB2-UL11,7:22,7:35,Revisión UL11,
2026-08-26,Revisión de unidades abiertas UA,BAC2,B242-PI-SB4-UA4-GR1,7:35,8:30,Revisión GR1,
2026-08-26,Comentarios jefe estructuras,BAC2,B242,8:30,8:52,Comentarios a varias cuestiones con jefe estructuras,
2026-08-26,Revisión de unidades abiertas UA,BAC2,B242-PI-SB4-UA4-GR1,8:52,9:03,Revisión GR1,
2026-08-26,Revisión de unidades abiertas UA,BAC2,B242-PI-SB4-UA4-GR3,9:03,9:22,Revisión GR3,Pendiente de acabar en hoja 3 los detalles de soldadura
2026-08-26,Revisión de unidades abiertas UA,BAC2,B242-PI-SB4-UA4-GR4,9:22,9:48,Revisión GR4,
2026-08-26,Descanso 20',des,GENERAL,9:48,10:00,Descanso 20',
2026-08-26,Revisión de unidades abiertas UA,BAC2,B242-PI-SB4-UA4-GR4,10:00,10:37,Revisión GR4,
2026-08-26,Varios,BAC2,B242,10:37,11:54,Varios,
2026-08-26,Revisión de unidades abiertas UA,BAC2,B242-PI-SB4-UA4-GR5,11:54,12:32,Revisión GR5,
2026-08-26,Revisión de unidades abiertas UA,BAC2,B242-PI-SB-UA-UA4,12:32,13:37,Revisión UA4,
2026-08-27,AOYV,DES,GENERAL,6:30,6:42,AOYV,
2026-08-27,Revisión de unidades abiertas UA,BAC2,B242-PI-SB-UA-UA4,6:42,8:36,Revisión UA4,
2026-08-27,Comentarios con Ghita para coordinación,BAC2,B243-PI-SB5-UA-UA6,8:36,8:49,Revisión UA6,
2026-08-27,Actualización de contraseñas sistema,DES,GENERAL,8:49,8:55,Actualización contraseñas sistema,
2026-08-27,Revisión de unidades abiertas UA,BAC2,B243-PI-SB5-UA-UA6,8:55,12:18,Revisión UA6,
2026-08-27,Píldora ciberseguridad #27,DES,GENERAL,12:18,12:23,Píldora ciberseguridad #27,
2026-08-27,Revisión de unidades abiertas UA,BAC2,B243-PI-SB5-UA-UA6,12:23,13:31,Revisión UA6,
